-- phpMyAdmin SQL Dump
-- version 5.2.1
-- https://www.phpmyadmin.net/
--
-- Host: 127.0.0.1
-- Generation Time: Jan 25, 2024 at 08:11 AM
-- Server version: 10.4.32-MariaDB
-- PHP Version: 8.2.12

SET SQL_MODE = "NO_AUTO_VALUE_ON_ZERO";
START TRANSACTION;
SET time_zone = "+00:00";


/*!40101 SET @OLD_CHARACTER_SET_CLIENT=@@CHARACTER_SET_CLIENT */;
/*!40101 SET @OLD_CHARACTER_SET_RESULTS=@@CHARACTER_SET_RESULTS */;
/*!40101 SET @OLD_COLLATION_CONNECTION=@@COLLATION_CONNECTION */;
/*!40101 SET NAMES utf8mb4 */;

--
-- Database: `laravel_sanctum`
--

-- --------------------------------------------------------

--
-- Table structure for table `failed_jobs`
--

CREATE TABLE `failed_jobs` (
  `id` bigint(20) UNSIGNED NOT NULL,
  `uuid` varchar(255) NOT NULL,
  `connection` text NOT NULL,
  `queue` text NOT NULL,
  `payload` longtext NOT NULL,
  `exception` longtext NOT NULL,
  `failed_at` timestamp NOT NULL DEFAULT current_timestamp()
) ENGINE=InnoDB DEFAULT CHARSET=utf8mb4 COLLATE=utf8mb4_unicode_ci;

-- --------------------------------------------------------

--
-- Table structure for table `migrations`
--

CREATE TABLE `migrations` (
  `id` int(10) UNSIGNED NOT NULL,
  `migration` varchar(255) NOT NULL,
  `batch` int(11) NOT NULL
) ENGINE=InnoDB DEFAULT CHARSET=utf8mb4 COLLATE=utf8mb4_unicode_ci;

--
-- Dumping data for table `migrations`
--

INSERT INTO `migrations` (`id`, `migration`, `batch`) VALUES
(1, '2014_10_12_000000_create_users_table', 1),
(2, '2014_10_12_100000_create_password_reset_tokens_table', 1),
(3, '2019_08_19_000000_create_failed_jobs_table', 1),
(4, '2019_12_14_000001_create_personal_access_tokens_table', 1),
(5, '2024_01_15_173251_create_tasks_table', 1);

-- --------------------------------------------------------

--
-- Table structure for table `password_reset_tokens`
--

CREATE TABLE `password_reset_tokens` (
  `email` varchar(255) NOT NULL,
  `token` varchar(255) NOT NULL,
  `created_at` timestamp NULL DEFAULT NULL
) ENGINE=InnoDB DEFAULT CHARSET=utf8mb4 COLLATE=utf8mb4_unicode_ci;

-- --------------------------------------------------------

--
-- Table structure for table `personal_access_tokens`
--

CREATE TABLE `personal_access_tokens` (
  `id` bigint(20) UNSIGNED NOT NULL,
  `tokenable_type` varchar(255) NOT NULL,
  `tokenable_id` bigint(20) UNSIGNED NOT NULL,
  `name` varchar(255) NOT NULL,
  `token` varchar(64) NOT NULL,
  `abilities` text DEFAULT NULL,
  `last_used_at` timestamp NULL DEFAULT NULL,
  `expires_at` timestamp NULL DEFAULT NULL,
  `created_at` timestamp NULL DEFAULT NULL,
  `updated_at` timestamp NULL DEFAULT NULL
) ENGINE=InnoDB DEFAULT CHARSET=utf8mb4 COLLATE=utf8mb4_unicode_ci;

-- --------------------------------------------------------

--
-- Table structure for table `tasks`
--

CREATE TABLE `tasks` (
  `id` bigint(20) UNSIGNED NOT NULL,
  `user_id` bigint(20) UNSIGNED NOT NULL,
  `name` varchar(255) NOT NULL,
  `description` varchar(255) NOT NULL,
  `priority` varchar(255) NOT NULL DEFAULT 'medium',
  `created_at` timestamp NULL DEFAULT NULL,
  `updated_at` timestamp NULL DEFAULT NULL
) ENGINE=InnoDB DEFAULT CHARSET=utf8mb4 COLLATE=utf8mb4_unicode_ci;

--
-- Dumping data for table `tasks`
--

INSERT INTO `tasks` (`id`, `user_id`, `name`, `description`, `priority`, `created_at`, `updated_at`) VALUES
(1, 3, 'Nemo odio a quasi soluta eaque.', 'Et odit et impedit sed ut consequatur. Accusantium incidunt qui aut et quis molestiae nemo. Et sapiente modi deserunt possimus dolor.', 'low', '2024-01-24 16:39:53', '2024-01-24 16:39:53'),
(2, 6, 'Harum corporis excepturi fugit enim.', 'Dolor accusamus libero animi aut reprehenderit quas corporis. Amet sed corporis dolor perferendis vel quibusdam modi. Sed in repellendus enim adipisci ipsam vitae consequatur.', 'medium', '2024-01-24 16:39:53', '2024-01-24 16:39:53'),
(3, 6, 'Blanditiis ex quo reiciendis rerum eos.', 'Qui illo perspiciatis delectus odio dolor. Fugit assumenda fugit nostrum qui labore odio sit. Ut velit aliquam et veritatis.', 'low', '2024-01-24 16:39:53', '2024-01-24 16:39:53'),
(4, 6, 'Beatae quae quidem et architecto minus ea.', 'Esse fugiat ut placeat perspiciatis. Nam itaque unde eveniet libero recusandae quis. Non similique voluptas ea sapiente aut numquam sequi.', 'medium', '2024-01-24 16:39:53', '2024-01-24 16:39:53'),
(5, 6, 'Ipsum hic maiores facilis veritatis ut laudantium.', 'Qui in sint quae fuga qui recusandae soluta exercitationem. Deleniti error incidunt sit consequatur aut error. Voluptatem alias aut qui aliquam non natus.', 'low', '2024-01-24 16:39:53', '2024-01-24 16:39:53'),
(6, 6, 'Qui suscipit illum sequi maxime facilis.', 'Dolor omnis autem architecto doloremque molestias repellendus. Facilis rem ipsam ratione sed consequatur. Ut et maxime nesciunt maiores quidem. Placeat quas consectetur nemo voluptatum quasi in.', 'medium', '2024-01-24 16:39:53', '2024-01-24 16:39:53'),
(7, 6, 'Distinctio nesciunt ut earum deleniti neque earum maxime distinctio.', 'Ut repellendus aperiam laboriosam voluptatum. Aperiam ut excepturi vel omnis itaque. Deserunt quia sed aut et.', 'medium', '2024-01-24 16:39:53', '2024-01-24 16:39:53'),
(8, 6, 'Laborum recusandae quibusdam animi totam deserunt modi.', 'Sint fuga vel incidunt iste eum laboriosam. Atque debitis iste non adipisci veritatis. Dicta corrupti delectus maiores voluptatibus deleniti aut perspiciatis.', 'low', '2024-01-24 16:39:53', '2024-01-24 16:39:53'),
(9, 6, 'Perferendis est omnis aperiam voluptatem.', 'Accusantium velit rerum facere doloribus illo. Labore dignissimos et fuga omnis aut. Facere nesciunt voluptate et dolore et. Est accusamus ipsam reprehenderit cupiditate.', 'high', '2024-01-24 16:39:53', '2024-01-24 16:39:53'),
(10, 6, 'Deleniti id dicta ducimus praesentium.', 'Qui facilis ut reiciendis repellat. Molestiae dolor minima architecto. Quia ratione velit vel dolores.', 'low', '2024-01-24 16:39:53', '2024-01-24 16:39:53'),
(11, 6, 'Eaque velit necessitatibus velit magni.', 'Tempore distinctio omnis aliquid vel blanditiis sit. Est quis at sit voluptas dolores. Odio numquam quidem omnis quia.', 'medium', '2024-01-24 16:40:32', '2024-01-24 16:40:32'),
(12, 6, 'Eum voluptatum ex praesentium quia.', 'Ea ipsa et dolores molestiae similique aut. Ut in aut voluptates illo. Sit veniam ut omnis quidem architecto.', 'low', '2024-01-24 16:40:32', '2024-01-24 16:40:32'),
(13, 6, 'Error voluptas et aut perferendis aspernatur error fugit.', 'Nemo omnis vel consequatur dolor dolorem at. Quod aliquid recusandae id. Aliquam molestiae aut enim vel aut. Esse blanditiis saepe qui sed earum et et.', 'high', '2024-01-24 16:40:32', '2024-01-24 16:40:32'),
(14, 6, 'Magnam fugiat sequi saepe facilis aut qui fuga.', 'Consectetur quod ea voluptatem in veritatis laudantium. Placeat reiciendis exercitationem est rerum pariatur reiciendis. Ut pariatur ipsa ab enim sint qui aut.', 'medium', '2024-01-24 16:40:32', '2024-01-24 16:40:32'),
(15, 6, 'Error quibusdam dolorem quam ut et omnis.', 'Et sit quasi libero quam totam minima rerum. Nesciunt recusandae sed ea facere dolores modi nihil. Nam vero ab hic necessitatibus provident corrupti.', 'medium', '2024-01-24 16:40:32', '2024-01-24 16:40:32'),
(16, 6, 'Sequi debitis maiores dolorem placeat.', 'Consequatur quia tempore hic omnis. Id nihil in commodi. Accusantium ex distinctio ea veritatis odit qui sequi numquam.', 'high', '2024-01-24 16:40:32', '2024-01-24 16:40:32'),
(17, 6, 'Dolores sapiente repellendus voluptate explicabo maiores voluptate.', 'Voluptas facilis dolor accusantium optio ad ut. Eum saepe distinctio quis. Non deserunt nam voluptatem dolores molestiae qui sed sed.', 'medium', '2024-01-24 16:40:32', '2024-01-24 16:40:32'),
(18, 6, 'Doloribus placeat itaque amet neque.', 'Eos quo mollitia voluptatem expedita aperiam quisquam. Omnis odit iure ea ut. Ducimus non autem temporibus.', 'medium', '2024-01-24 16:40:32', '2024-01-24 16:40:32'),
(19, 6, 'Illo commodi quasi ex sunt occaecati voluptas accusantium.', 'Blanditiis sit accusantium non expedita nostrum perspiciatis officiis. Praesentium accusantium nihil fugit sit enim quasi. Quisquam ipsa iure a ut incidunt voluptatem.', 'high', '2024-01-24 16:40:32', '2024-01-24 16:40:32'),
(20, 6, 'Corporis ducimus nam qui fugit dolorem ipsa voluptatem.', 'Quaerat modi et impedit eligendi dolor quisquam doloribus. Pariatur ab eaque voluptate facere itaque. Voluptatem aspernatur voluptas impedit. Suscipit blanditiis impedit architecto ut.', 'high', '2024-01-24 16:40:32', '2024-01-24 16:40:32'),
(21, 6, 'Dolores dignissimos quibusdam et et.', 'Aut porro repudiandae omnis itaque a voluptas. Temporibus distinctio cumque est et soluta reprehenderit alias. Quae non cumque quibusdam sunt et. Voluptatum eum saepe placeat et qui eos.', 'high', '2024-01-24 16:40:32', '2024-01-24 16:40:32'),
(22, 6, 'Est occaecati qui sed adipisci repellat.', 'Corporis cumque non numquam suscipit voluptas quisquam. Et nisi ut dolores omnis.', 'high', '2024-01-24 16:40:32', '2024-01-24 16:40:32'),
(23, 6, 'Qui iusto quam in nisi.', 'Culpa quia quas voluptatibus odit fuga inventore. Mollitia et harum quis. Esse est aliquid ullam eaque harum. Autem officia expedita quae impedit dolores.', 'low', '2024-01-24 16:40:32', '2024-01-24 16:40:32'),
(24, 6, 'Debitis quidem corporis rerum esse cupiditate.', 'Laudantium quia rerum assumenda a vitae. Nam itaque repellat laudantium numquam debitis. Laudantium enim fugiat architecto inventore rerum. Sint dolorem rerum vitae expedita dolor.', 'high', '2024-01-24 16:40:32', '2024-01-24 16:40:32'),
(25, 6, 'Error qui dicta ipsa iste.', 'Earum vel qui recusandae. Commodi non dicta maxime rem enim aut. Non ea libero reprehenderit consequatur neque eos ex aut. Consequatur quos assumenda omnis porro nihil praesentium.', 'low', '2024-01-24 16:40:32', '2024-01-24 16:40:32'),
(26, 6, 'Vel et sed iste ea et qui.', 'Quibusdam quo officiis harum fugit iste. Quia ut quod ut harum fugiat eveniet exercitationem quisquam. Eius at quisquam molestiae. Dolores quibusdam temporibus adipisci quasi itaque ut nihil.', 'high', '2024-01-24 16:40:32', '2024-01-24 16:40:32'),
(27, 6, 'Error quis alias sunt earum similique.', 'Iusto assumenda aut sit ipsam. Placeat non voluptas suscipit. Maxime et et mollitia voluptatum et non minus. Repellendus culpa sed illo omnis voluptatem eum accusamus voluptatem.', 'low', '2024-01-24 16:40:32', '2024-01-24 16:40:32'),
(28, 6, 'Recusandae quasi modi laudantium rerum.', 'Quidem aut omnis ratione tenetur quia. Officiis eius laborum ut reprehenderit. Repellat quia perspiciatis ipsum. Qui nobis minima minima eveniet non provident.', 'high', '2024-01-24 16:40:32', '2024-01-24 16:40:32'),
(29, 6, 'Sit labore maxime ad.', 'Enim dolores placeat velit repellendus. Distinctio rem et officia temporibus eaque. Sunt laudantium fuga pariatur dolores inventore repellendus in quod.', 'medium', '2024-01-24 16:40:32', '2024-01-24 16:40:32'),
(30, 6, 'Ut dolorem accusantium eius pariatur ullam recusandae aliquid.', 'Atque aut magnam qui officiis nihil. Autem sint veritatis dolore unde odit omnis quo. Ea perferendis eius sunt voluptatibus quisquam quo ut. Provident praesentium porro dolore.', 'low', '2024-01-24 16:40:32', '2024-01-24 16:40:32'),
(31, 6, 'Perferendis perspiciatis neque officia placeat totam suscipit.', 'Et praesentium voluptatem veritatis aperiam. Laboriosam deleniti iusto quisquam blanditiis eos laborum.', 'low', '2024-01-24 16:40:32', '2024-01-24 16:40:32'),
(32, 6, 'Ullam qui aut ipsum ut voluptatem quia sit.', 'Aut sit est esse beatae. Repellendus voluptatem et quasi sunt. Excepturi deleniti in eligendi expedita. Similique et occaecati consequuntur inventore.', 'medium', '2024-01-24 16:40:32', '2024-01-24 16:40:32'),
(33, 6, 'Deleniti omnis totam in sapiente nulla.', 'Rerum expedita dolorem sed eaque delectus quos eaque nihil. Explicabo corporis ad et et nostrum. Ut eius sunt non voluptatibus quis deleniti exercitationem sit.', 'high', '2024-01-24 16:40:32', '2024-01-24 16:40:32'),
(34, 6, 'Deserunt ut ipsa voluptas totam animi.', 'Omnis repellat veniam enim numquam. Magni commodi natus dolores aut. Repellendus repudiandae eligendi debitis dolores perspiciatis.', 'medium', '2024-01-24 16:40:32', '2024-01-24 16:40:32'),
(35, 6, 'Velit perferendis ipsum possimus quia unde distinctio ut.', 'Natus rem reiciendis sed nemo eos maxime sunt quia. Autem atque dolores libero molestiae et soluta provident.', 'high', '2024-01-24 16:40:32', '2024-01-24 16:40:32'),
(36, 6, 'Asperiores ea eaque error et nam iusto officiis.', 'Occaecati illo consequatur sed et voluptas numquam reiciendis hic. Quisquam est officia quis quod nulla. Nemo facere ab est.', 'medium', '2024-01-24 16:40:32', '2024-01-24 16:40:32'),
(37, 6, 'Et eius amet aut ut.', 'Et quia quis ut necessitatibus expedita. Culpa in consequatur beatae. Neque ut error rerum rem cupiditate.', 'low', '2024-01-24 16:40:32', '2024-01-24 16:40:32'),
(38, 6, 'Est rem voluptas provident.', 'Aliquam dolore sapiente quisquam ipsa et. Quo pariatur dignissimos sunt qui incidunt eaque.', 'low', '2024-01-24 16:40:32', '2024-01-24 16:40:32'),
(39, 6, 'Consequuntur eveniet deleniti illum voluptatum atque ea.', 'Repellendus qui pariatur quia ex id. Amet autem dolorem cumque dolores. Quasi inventore vel ut voluptas rerum repudiandae. Quia aut eum omnis nostrum. Dolore porro tenetur ea quas et non.', 'low', '2024-01-24 16:40:32', '2024-01-24 16:40:32'),
(40, 6, 'Consequatur necessitatibus quos possimus praesentium.', 'In quo quo eaque at commodi. Omnis sit voluptas omnis sit sed voluptates eveniet. Autem suscipit officiis dolorem molestias.', 'low', '2024-01-24 16:40:32', '2024-01-24 16:40:32'),
(41, 6, 'Commodi ducimus mollitia ullam aut.', 'Sint iure ab minima excepturi consequatur. Dolor hic consequatur necessitatibus accusamus dolor molestiae. Eius a dolorem in consectetur. Occaecati blanditiis esse itaque veniam.', 'high', '2024-01-24 16:40:32', '2024-01-24 16:40:32'),
(42, 6, 'Minus explicabo consequatur ipsam voluptatibus eos mollitia.', 'Quisquam est asperiores quod fuga ratione iusto. Est excepturi beatae occaecati reprehenderit dolores dignissimos in. Fugiat voluptas nihil et. Debitis aliquid ipsa explicabo fugit.', 'low', '2024-01-24 16:40:32', '2024-01-24 16:40:32'),
(43, 6, 'Blanditiis aut cum quod quis.', 'Dolores laborum fuga ut dolores. Nobis consequatur sed nesciunt maiores rem aliquid. Repudiandae dolorum sit tempora dolor repellat architecto.', 'high', '2024-01-24 16:40:32', '2024-01-24 16:40:32'),
(44, 6, 'Et explicabo fuga aut fuga.', 'Odio minima molestias quibusdam nulla voluptatem qui perferendis qui. Perferendis quisquam delectus saepe consequuntur minus. Magnam odit at quia. Animi error perferendis delectus voluptas non.', 'medium', '2024-01-24 16:40:32', '2024-01-24 16:40:32'),
(45, 6, 'Delectus qui quam adipisci deserunt.', 'Mollitia hic ullam possimus ipsam facilis. Mollitia numquam veritatis labore non sit aut voluptas quas. Et quia ipsum id rem dolorem nulla velit quo.', 'medium', '2024-01-24 16:40:32', '2024-01-24 16:40:32'),
(46, 6, 'Earum iusto dicta porro inventore officiis.', 'Dolores dignissimos architecto officia est. Dicta error officiis quaerat hic. Minus et adipisci molestiae. Non repellat architecto et recusandae officia amet non et.', 'high', '2024-01-24 16:40:32', '2024-01-24 16:40:32'),
(47, 6, 'Ut quidem voluptas omnis exercitationem.', 'Et qui quis ut omnis. Sint numquam recusandae architecto ratione voluptas et. Vero dolores neque qui accusantium inventore explicabo eveniet sapiente. Occaecati dolore est perferendis ex.', 'low', '2024-01-24 16:40:32', '2024-01-24 16:40:32'),
(48, 6, 'Corporis sequi autem placeat voluptate.', 'Officiis illum magni iure illum. Ratione illo amet nobis animi. Qui qui molestiae optio aut saepe.', 'high', '2024-01-24 16:40:32', '2024-01-24 16:40:32'),
(49, 6, 'Nostrum maxime neque quaerat qui in distinctio natus.', 'Eaque ut cupiditate accusantium laudantium amet commodi. Reiciendis similique veritatis ullam exercitationem sit. Et quasi suscipit molestiae enim voluptatum.', 'low', '2024-01-24 16:40:32', '2024-01-24 16:40:32'),
(50, 6, 'Exercitationem amet atque delectus est quo qui voluptatum.', 'Aut asperiores aut veritatis praesentium sunt modi qui. Non minima quia ullam veniam. At nulla quia aliquid magni. Aspernatur et cumque id ducimus.', 'high', '2024-01-24 16:40:32', '2024-01-24 16:40:32'),
(51, 6, 'Nulla eos rem et harum inventore rerum laudantium.', 'Amet sunt reiciendis non ullam eum animi. Doloribus aut molestiae animi qui tenetur aliquam. Ut minima illo quo nisi harum ex officiis.', 'high', '2024-01-24 16:40:32', '2024-01-24 16:40:32'),
(52, 6, 'Ea illum praesentium deserunt dolorem et tenetur.', 'Temporibus et omnis totam quam officiis ut ea quidem. Magnam et a deleniti esse libero. Beatae in eveniet esse nisi.', 'medium', '2024-01-24 16:40:32', '2024-01-24 16:40:32'),
(53, 6, 'Vitae rerum odio sint.', 'Maiores explicabo ex ad dolorem nemo ratione. Quo at deleniti sit eum ut et. Maiores ab ratione neque placeat eos. Voluptatem sit ipsam consequuntur corporis nulla distinctio enim.', 'medium', '2024-01-24 16:40:32', '2024-01-24 16:40:32'),
(54, 6, 'Tempore nihil mollitia rem at animi consequatur saepe.', 'Est excepturi sit ullam nisi aliquam. Dolorum sapiente autem consequuntur dicta sit. Repellat nobis temporibus ut aut sed. Unde tempore tempora quia reiciendis molestias modi illum.', 'high', '2024-01-24 16:40:32', '2024-01-24 16:40:32'),
(55, 6, 'Et quaerat adipisci ipsa assumenda.', 'Autem velit voluptatem eius commodi ut autem laborum. Nisi doloremque inventore ut iusto. Quia est vero temporibus autem nisi incidunt. Ullam quia laboriosam sit provident.', 'medium', '2024-01-24 16:40:32', '2024-01-24 16:40:32'),
(56, 6, 'Nemo sit ex tempora totam dolor iusto odio.', 'Voluptas unde accusantium placeat assumenda saepe. Temporibus totam voluptates dolores quas recusandae. Et molestias porro fugit. Eos iste culpa ea ut.', 'medium', '2024-01-24 16:40:32', '2024-01-24 16:40:32'),
(57, 6, 'Doloremque est ut ratione.', 'Molestiae quo aperiam non possimus possimus. Sapiente veniam odit nemo.', 'medium', '2024-01-24 16:40:32', '2024-01-24 16:40:32'),
(58, 6, 'Ut necessitatibus labore nobis saepe occaecati est.', 'Voluptatem est ea molestiae exercitationem voluptatum consequatur. Enim illo consequatur repellendus aut voluptate exercitationem eos fugit. Sunt ut laudantium dolor minus magni.', 'medium', '2024-01-24 16:40:32', '2024-01-24 16:40:32'),
(59, 6, 'Enim porro dicta qui eum dolorem est.', 'Ut eos omnis sed nisi magnam quia. Aliquid odio sit eum minus. Omnis reprehenderit numquam perferendis assumenda quam dolor assumenda. Similique neque recusandae eveniet in ut.', 'low', '2024-01-24 16:40:32', '2024-01-24 16:40:32'),
(60, 6, 'Temporibus nam aut voluptas quaerat.', 'Facilis commodi commodi maiores numquam quibusdam cumque. Labore dolorem iure veritatis officia et suscipit.', 'high', '2024-01-24 16:40:32', '2024-01-24 16:40:32'),
(61, 6, 'Labore rerum deserunt quibusdam et.', 'Numquam quia quasi culpa asperiores. Et sint qui occaecati pariatur minus. Necessitatibus earum consectetur ex maiores sapiente qui.', 'low', '2024-01-24 16:40:32', '2024-01-24 16:40:32'),
(62, 6, 'Sit repellendus voluptatem totam sequi incidunt voluptas dolores recusandae.', 'Consequatur voluptatum tenetur quaerat minus ut. Quo ratione eum quisquam alias nulla. Excepturi earum quam eveniet laborum aut. Facilis quam aut est quia molestias quasi.', 'low', '2024-01-24 16:40:32', '2024-01-24 16:40:32'),
(63, 6, 'Quae fugiat saepe natus velit quis ipsum.', 'Quia architecto est rem quos officiis. Qui sunt sit sed eum consequatur. Odio eligendi non iste temporibus eos veniam. Ex omnis dolorem modi.', 'medium', '2024-01-24 16:40:32', '2024-01-24 16:40:32'),
(64, 6, 'Qui culpa aut repellendus et quo ea est.', 'Aperiam qui doloribus excepturi dolores vero dolorum. Et et rerum et ab hic vero quos.', 'low', '2024-01-24 16:40:32', '2024-01-24 16:40:32'),
(65, 6, 'Vel et sunt optio consequatur repellendus blanditiis.', 'Nisi quia commodi ut consequatur veniam nemo rerum id. Repellat eos quod nobis et accusamus. Doloribus quia error blanditiis et alias ad.', 'medium', '2024-01-24 16:40:32', '2024-01-24 16:40:32'),
(66, 6, 'Eos nostrum ipsa debitis nesciunt sed consectetur.', 'Quidem voluptatem et voluptate ea ratione. Ut debitis et dolorum eum. Officia pariatur odit voluptatum doloremque. Repellat id libero dolores.', 'low', '2024-01-24 16:40:32', '2024-01-24 16:40:32'),
(67, 6, 'Aperiam et autem consequatur earum qui minus animi.', 'Et quibusdam ut et labore. Est doloribus corporis molestiae sint quaerat rem earum. Aut qui mollitia corporis recusandae quas soluta.', 'high', '2024-01-24 16:40:32', '2024-01-24 16:40:32'),
(68, 6, 'Sed eveniet omnis recusandae natus quod.', 'Explicabo exercitationem atque fugiat asperiores tempore. Voluptatibus fuga eius placeat aut corrupti. Culpa dolor qui qui consequatur omnis. Qui id autem aut nihil facilis ratione.', 'medium', '2024-01-24 16:40:32', '2024-01-24 16:40:32'),
(69, 6, 'Quod distinctio qui tenetur deserunt ratione.', 'Nihil voluptatem ab qui eveniet. Illum doloribus culpa suscipit voluptatem necessitatibus consequatur in. Aperiam cumque minima quibusdam eius ut saepe nostrum qui.', 'low', '2024-01-24 16:40:32', '2024-01-24 16:40:32'),
(70, 6, 'Debitis nostrum impedit officia consequatur et.', 'Magnam qui quia fugiat accusantium. Eos optio et qui soluta necessitatibus distinctio. Id fuga veritatis dolorem officiis fugit consequatur velit. Sit qui ut qui dolor placeat fuga.', 'medium', '2024-01-24 16:40:32', '2024-01-24 16:40:32'),
(71, 6, 'Nobis rerum et et reprehenderit culpa adipisci sit.', 'Dolor qui enim quibusdam dolor aliquid non consequatur. Porro voluptatem officia fugit eligendi eveniet accusantium facere.', 'high', '2024-01-24 16:40:32', '2024-01-24 16:40:32'),
(72, 6, 'Et unde corrupti iure est mollitia ut voluptates.', 'Laudantium recusandae atque error nemo nesciunt aut neque. Minima voluptatem fugit sint similique error ab aut. Dignissimos itaque et et aut qui.', 'high', '2024-01-24 16:40:32', '2024-01-24 16:40:32'),
(73, 6, 'Culpa unde iusto cum.', 'Aut repudiandae et voluptas voluptatem enim aspernatur maiores. Est possimus rem est ea nisi ut. Modi quia eum quia ut ut. Sed et explicabo voluptatem dicta.', 'high', '2024-01-24 16:40:32', '2024-01-24 16:40:32'),
(74, 6, 'Natus sit nam saepe aliquam alias omnis repudiandae non.', 'Similique omnis eius aut natus aut fugit consequatur architecto. Molestias esse saepe incidunt a esse consequatur. Ullam illo quia dolores dolor.', 'medium', '2024-01-24 16:40:32', '2024-01-24 16:40:32'),
(75, 6, 'Libero voluptatem perferendis quo ut.', 'Voluptatem vitae architecto sint. Odit aut natus animi aut quia soluta. Sequi et velit atque voluptates tempora quasi ex. Accusamus voluptatem tempora praesentium sed unde rerum.', 'low', '2024-01-24 16:40:32', '2024-01-24 16:40:32'),
(76, 6, 'Odio voluptas in debitis sit deserunt labore ad.', 'Exercitationem minus minima fuga neque accusantium dolores non iure. Deleniti eos voluptatem et sit provident quos. Provident nulla sit velit nam omnis aut. Omnis est enim dolores perferendis.', 'medium', '2024-01-24 16:40:32', '2024-01-24 16:40:32'),
(77, 6, 'Facere error quia voluptas maiores atque expedita est.', 'Ratione nisi minima deleniti placeat autem voluptatem. Ratione delectus nulla sapiente saepe est consectetur. Et est iste consectetur provident deleniti est. Ut neque repellat in.', 'high', '2024-01-24 16:40:32', '2024-01-24 16:40:32'),
(78, 6, 'Reiciendis facilis sint dolores illo atque ex quia hic.', 'Voluptatum qui aut molestiae. Aut velit et quas officia autem et rerum.', 'medium', '2024-01-24 16:40:32', '2024-01-24 16:40:32'),
(79, 6, 'Quis harum expedita dolores qui.', 'Et alias ut voluptas hic voluptatibus hic omnis. Saepe atque nobis rerum quia. Dolores reprehenderit quos maxime et pariatur nihil.', 'low', '2024-01-24 16:40:32', '2024-01-24 16:40:32'),
(80, 6, 'Enim amet odio totam omnis non et.', 'Consequuntur quo ut iure aut libero qui modi. Possimus architecto sunt aliquid dignissimos fugit magni dolorem quod. Dolorum explicabo in sit quas deserunt.', 'high', '2024-01-24 16:40:32', '2024-01-24 16:40:32'),
(81, 6, 'Illum vel est beatae odio ea quasi omnis.', 'Molestiae fuga ut aut dolorem. Sit eveniet laborum porro distinctio nulla tempora. Aut aliquid dolorem qui porro error earum quia. Et dolor dolorem veritatis. Temporibus earum quasi odio voluptas.', 'low', '2024-01-24 16:40:32', '2024-01-24 16:40:32'),
(82, 6, 'Iste qui ut id dolor.', 'Sit possimus non ipsa voluptas. Commodi alias veritatis tenetur excepturi doloribus ad. Cumque rerum quas ut natus distinctio.', 'medium', '2024-01-24 16:40:32', '2024-01-24 16:40:32'),
(83, 6, 'Quis assumenda veritatis accusamus sapiente.', 'Repudiandae omnis est praesentium aut. Beatae omnis animi molestiae id deleniti quia dolorem quis. Sit nisi et architecto sequi provident.', 'medium', '2024-01-24 16:40:32', '2024-01-24 16:40:32'),
(84, 6, 'Laboriosam delectus ut et autem quidem consequuntur eos nostrum.', 'Aut ut harum repellat enim fuga quia libero. Nihil veniam aspernatur adipisci aliquam dolores possimus natus mollitia.', 'high', '2024-01-24 16:40:32', '2024-01-24 16:40:32'),
(85, 6, 'Deleniti ipsum fugit dolorum.', 'Veniam tempore quam pariatur omnis quisquam tempora. Ducimus repudiandae sunt praesentium aut. Alias autem debitis officia in sit sit aut.', 'medium', '2024-01-24 16:40:32', '2024-01-24 16:40:32'),
(86, 6, 'Reprehenderit optio ea ut sint numquam repellat est.', 'At consectetur ea iusto blanditiis. Illo dolorem nostrum rerum numquam dolores. Suscipit et porro et nesciunt perferendis. Asperiores magnam exercitationem hic repellendus ipsa ad.', 'high', '2024-01-24 16:40:32', '2024-01-24 16:40:32'),
(87, 6, 'Animi ea in assumenda possimus excepturi.', 'Similique cupiditate et natus et fugiat ea similique veritatis. Magnam non voluptas vitae asperiores. Quia officia eos rerum. Esse nihil assumenda vel beatae animi odit.', 'high', '2024-01-24 16:40:32', '2024-01-24 16:40:32'),
(88, 6, 'Aut eos necessitatibus in tempore et exercitationem odio.', 'Hic ea aut veritatis porro. Voluptates dignissimos iure delectus non. Dolorum quis aut at accusamus.', 'high', '2024-01-24 16:40:32', '2024-01-24 16:40:32'),
(89, 6, 'Atque tempora maxime sapiente consequatur.', 'Dolore qui ipsam excepturi eveniet ut velit. Est sint iste debitis deleniti. Quos soluta aut aut magni officiis at. Officia nesciunt quod minima labore dolores dicta.', 'medium', '2024-01-24 16:40:32', '2024-01-24 16:40:32'),
(90, 6, 'Voluptatem quaerat eum maiores amet molestiae repudiandae.', 'Neque est consectetur id nobis. Qui pariatur sit natus accusantium et inventore laborum. Fugiat voluptatem fuga et in aut. Iste et et ipsam odit.', 'low', '2024-01-24 16:40:32', '2024-01-24 16:40:32'),
(91, 6, 'Voluptatibus nostrum omnis rerum possimus quibusdam molestiae reprehenderit.', 'Maxime provident voluptatem doloribus reiciendis. Repellendus et minus voluptatibus harum rem. Similique distinctio aspernatur vero cumque odio.', 'medium', '2024-01-24 16:40:32', '2024-01-24 16:40:32'),
(92, 6, 'Quo dignissimos doloremque natus non velit nostrum.', 'Qui sapiente deleniti mollitia magnam officia delectus saepe. Odit doloribus assumenda incidunt debitis cupiditate. Aut quasi sed id ad voluptates dolores.', 'medium', '2024-01-24 16:40:32', '2024-01-24 16:40:32'),
(93, 6, 'Eum et laborum nihil et rerum.', 'Occaecati tenetur et sint placeat et impedit molestiae sint. Non iusto explicabo numquam necessitatibus odit non. Quidem sunt vel corrupti culpa.', 'medium', '2024-01-24 16:40:32', '2024-01-24 16:40:32'),
(94, 6, 'Ratione dolorem iure odio maiores quam quo ut.', 'In nam enim commodi quae. Quas voluptates sed magnam quia temporibus officiis animi. Libero maiores qui nam reiciendis. Doloremque sed harum repellendus illum.', 'low', '2024-01-24 16:40:32', '2024-01-24 16:40:32'),
(95, 6, 'Praesentium aut quasi vel natus omnis qui vel.', 'At est vero fugit. Impedit doloribus quis enim repellendus sint est delectus. Deserunt vero nisi est vel velit aut.', 'medium', '2024-01-24 16:40:32', '2024-01-24 16:40:32'),
(96, 6, 'Officiis ipsa ea dolor quia ut quasi quae.', 'Nulla et excepturi corporis est aut. Vel officiis aperiam quia. Nobis exercitationem fugit sed suscipit est quis. Nisi voluptatem odit assumenda neque rerum non natus.', 'medium', '2024-01-24 16:40:32', '2024-01-24 16:40:32'),
(97, 6, 'Sit cum sapiente ut ut.', 'Autem molestiae maiores hic et nisi ut quia et. Harum ea non maiores sed doloribus eius id. Quasi dolor ea vel doloremque itaque dolores inventore voluptatem.', 'high', '2024-01-24 16:40:32', '2024-01-24 16:40:32'),
(98, 6, 'Sequi sint ullam vero deleniti officia est quisquam.', 'Enim voluptatem esse tenetur nihil a fugiat. Voluptatem et architecto vero iure. Et voluptatum at est impedit.', 'low', '2024-01-24 16:40:32', '2024-01-24 16:40:32'),
(99, 6, 'Earum nisi sint mollitia consequatur possimus suscipit consequatur.', 'Quos ut et cupiditate quo sed facilis perferendis quibusdam. Nulla impedit dolorum consectetur quidem est consequatur natus. Perspiciatis omnis est quaerat consequatur.', 'medium', '2024-01-24 16:40:32', '2024-01-24 16:40:32'),
(100, 6, 'Eum et laboriosam nobis excepturi.', 'Voluptatem architecto omnis et rerum autem temporibus est. Sit sit dolorum commodi error esse saepe quibusdam. Sapiente sed eos quia facilis voluptatem excepturi ea.', 'high', '2024-01-24 16:40:32', '2024-01-24 16:40:32'),
(101, 6, 'Quidem dolore minus voluptatibus alias.', 'Et nemo adipisci omnis nihil esse. In rerum laborum et dolore alias maxime magni soluta. Illo facilis doloribus autem facilis. Quia qui iste cumque natus. Dolor officiis quasi adipisci quos error.', 'high', '2024-01-24 16:40:32', '2024-01-24 16:40:32'),
(102, 6, 'Perferendis ratione quis veritatis nam.', 'Voluptas est sed ut optio cupiditate. Sint maxime sequi culpa omnis magni. Quis quo sed incidunt eum et aut. Reprehenderit omnis natus voluptatem.', 'high', '2024-01-24 16:40:32', '2024-01-24 16:40:32'),
(103, 6, 'Qui sapiente maiores tenetur voluptas.', 'Et ut sit sed. Eos aspernatur sequi sunt deleniti possimus repudiandae illum. Saepe sunt ut nisi numquam qui in voluptas.', 'low', '2024-01-24 16:40:32', '2024-01-24 16:40:32'),
(104, 6, 'Rem repudiandae unde saepe tempore aut neque.', 'Voluptate inventore repellat dolores. Nihil iusto cumque a voluptatem. Cumque quidem voluptas praesentium autem et officia.', 'low', '2024-01-24 16:40:32', '2024-01-24 16:40:32'),
(105, 6, 'Explicabo dolor asperiores nesciunt iusto placeat temporibus sint.', 'Inventore est ea laboriosam ipsa. Et quia accusantium est ut illo provident debitis nam. Alias earum reiciendis sint dolor eaque illo nulla eaque.', 'low', '2024-01-24 16:40:32', '2024-01-24 16:40:32'),
(106, 6, 'Reiciendis sint modi veniam nulla.', 'Molestiae quia et architecto voluptas. Et nemo debitis vel. Reprehenderit eos neque iusto voluptas deleniti officiis incidunt. Dolor aut in eius sit unde.', 'high', '2024-01-24 16:40:32', '2024-01-24 16:40:32'),
(107, 6, 'Ab minima ut illum sed omnis sequi corrupti sed.', 'Odit nihil quasi error sint reiciendis explicabo. Voluptas vel est et rerum rerum.', 'medium', '2024-01-24 16:40:32', '2024-01-24 16:40:32'),
(108, 6, 'Quasi perferendis nulla velit provident numquam.', 'Consequatur molestiae voluptatem quaerat. Culpa consectetur quasi neque aliquam quisquam quam. Ea possimus provident fugit. Non quibusdam sequi ea perferendis nostrum aut.', 'low', '2024-01-24 16:40:32', '2024-01-24 16:40:32'),
(109, 6, 'Dolore eius nobis rerum distinctio facilis commodi occaecati.', 'Consequatur et qui pariatur et. Et omnis numquam aspernatur maxime. Quo veritatis laboriosam sit vel omnis ratione nemo quod.', 'medium', '2024-01-24 16:40:32', '2024-01-24 16:40:32'),
(110, 6, 'Aut omnis facere sed sapiente.', 'Deleniti cum in nesciunt dolores non quia. Est in est eos nam impedit. Esse voluptatibus impedit minus nobis incidunt voluptate. Autem repellendus voluptatem rerum autem voluptatem sunt.', 'high', '2024-01-24 16:40:32', '2024-01-24 16:40:32'),
(111, 6, 'Reiciendis id odio dolore qui alias.', 'Quos porro quos unde optio molestiae. Qui consectetur soluta tenetur ab similique fuga officiis. Et fugit quasi quisquam laborum vel consequuntur ut maxime.', 'medium', '2024-01-24 16:40:32', '2024-01-24 16:40:32'),
(112, 6, 'Dolor quidem maxime unde commodi autem quam.', 'Repellat vel distinctio nisi iure rerum. Corporis dolorem qui cupiditate amet natus.', 'high', '2024-01-24 16:40:32', '2024-01-24 16:40:32'),
(113, 6, 'Explicabo natus et pariatur eveniet quidem.', 'Nam non vitae occaecati est possimus. Aliquid quia ipsa quibusdam sed blanditiis omnis. Reiciendis beatae omnis quasi consequatur numquam eum eum. Labore cupiditate minima accusantium distinctio.', 'high', '2024-01-24 16:40:32', '2024-01-24 16:40:32'),
(114, 6, 'Perferendis hic facilis velit voluptas et harum fuga.', 'Sapiente qui suscipit ab repudiandae est corporis doloremque. Nam corporis iusto molestiae enim. Labore sed illo accusamus sit. Repudiandae soluta illo consequatur nulla consequatur.', 'medium', '2024-01-24 16:40:32', '2024-01-24 16:40:32'),
(115, 6, 'Consectetur impedit quis id rerum.', 'Ipsam id voluptatem autem culpa aliquid commodi eos. Impedit alias perspiciatis perferendis. Debitis nihil dolor expedita autem natus in nulla. Nulla asperiores dolores assumenda saepe eos aut.', 'high', '2024-01-24 16:40:32', '2024-01-24 16:40:32'),
(116, 6, 'Quis quia consequatur dolores corporis ut explicabo ut.', 'Labore maiores deserunt perspiciatis officia voluptatem aut similique. Dignissimos suscipit qui et odit provident in distinctio. Nihil rerum tenetur odio sit quia.', 'medium', '2024-01-24 16:40:32', '2024-01-24 16:40:32'),
(117, 6, 'Optio ea eum assumenda.', 'Quia sed quibusdam cum velit. Error voluptas ab voluptatem sit delectus eius. Sit quia officiis maiores modi ipsum illo sit rerum.', 'medium', '2024-01-24 16:40:32', '2024-01-24 16:40:32'),
(118, 6, 'Quaerat eum asperiores et voluptatem at.', 'Praesentium assumenda distinctio qui omnis quisquam perferendis. Illo vitae consequatur itaque repellat aut ipsa. Vero et doloribus odit autem. Sit facere quaerat laudantium repellat ad sit animi.', 'low', '2024-01-24 16:40:32', '2024-01-24 16:40:32'),
(119, 6, 'Aliquam suscipit minima dolorum.', 'Voluptatem optio exercitationem aliquam aut. Sunt quod et iste pariatur non perspiciatis iusto. Voluptas ex veniam animi recusandae.', 'medium', '2024-01-24 16:40:32', '2024-01-24 16:40:32'),
(120, 6, 'Voluptate aut sint quas laboriosam veritatis ab.', 'Est aut accusantium quis deleniti laboriosam officia eum dolore. Asperiores et ab rerum. Maiores totam molestiae accusamus fugit. Explicabo eum expedita temporibus velit odio rem.', 'medium', '2024-01-24 16:40:32', '2024-01-24 16:40:32'),
(121, 6, 'Consequatur quisquam et eos non illum ipsa.', 'Voluptatem optio ut tempora distinctio eaque perferendis. Quasi ipsam sint sint voluptates reiciendis. Sapiente excepturi voluptatem sit et. Facilis quae velit voluptatem id earum cum.', 'high', '2024-01-24 16:40:32', '2024-01-24 16:40:32'),
(122, 6, 'Et in rem quas.', 'Et ullam aliquam dicta laudantium sint. Commodi dolorem possimus dolorem ab recusandae. Cupiditate exercitationem velit accusantium sequi. Maiores pariatur voluptatem eius.', 'low', '2024-01-24 16:40:32', '2024-01-24 16:40:32'),
(123, 6, 'Adipisci vel sunt recusandae dignissimos.', 'Aut accusantium enim nihil quia. Architecto reprehenderit aut enim voluptate.', 'low', '2024-01-24 16:40:32', '2024-01-24 16:40:32'),
(124, 6, 'Cumque alias et aut velit nulla quis.', 'Eveniet omnis ea inventore et aut enim. Omnis optio dolorem aliquam rerum iusto sunt at. Ea optio sed nihil consequuntur non voluptatibus.', 'medium', '2024-01-24 16:40:32', '2024-01-24 16:40:32'),
(125, 6, 'Qui illo est amet et animi velit necessitatibus.', 'Non quo provident maxime velit quos qui. Ut quaerat perferendis itaque voluptas eaque qui. Minima unde tenetur quaerat ipsam et et.', 'medium', '2024-01-24 16:40:32', '2024-01-24 16:40:32'),
(126, 6, 'Voluptas mollitia est autem placeat tenetur qui nemo.', 'Iure sunt aut ullam reiciendis consequuntur omnis. Et qui quidem quis repudiandae facilis corrupti est. Assumenda corporis ab ut neque pariatur temporibus velit.', 'low', '2024-01-24 16:40:32', '2024-01-24 16:40:32'),
(127, 6, 'Quisquam ullam saepe voluptate nihil distinctio.', 'Porro autem dolores voluptatum iure dolores eaque et. Iusto eaque quod magni consequatur assumenda id aperiam. Nulla saepe quas sunt nisi. Repellat quibusdam incidunt officiis.', 'medium', '2024-01-24 16:40:32', '2024-01-24 16:40:32'),
(128, 6, 'Quidem voluptas et officia error tempora asperiores.', 'Nemo eligendi sint debitis quia ex. Nihil laudantium hic et dicta ut dolor reiciendis et. Consectetur veniam distinctio aut. Reprehenderit facilis sit expedita sed aspernatur.', 'medium', '2024-01-24 16:40:32', '2024-01-24 16:40:32'),
(129, 6, 'Ab officia optio est impedit.', 'Quos velit nisi eveniet ab voluptas velit numquam. Nostrum et porro earum est enim quia. Corrupti voluptatem dolor fuga eius.', 'medium', '2024-01-24 16:40:32', '2024-01-24 16:40:32'),
(130, 6, 'Accusamus minus delectus dolores non dolores aut sint ea.', 'Eum repellendus dolorem est consequuntur dolorem illo reprehenderit. Odio minima sint qui expedita dignissimos modi. Atque quis repudiandae amet ex quae.', 'low', '2024-01-24 16:40:32', '2024-01-24 16:40:32'),
(131, 6, 'Repellendus porro ut et tempora.', 'Est sapiente esse a rem. Tenetur labore culpa magni fugiat minima sunt aperiam. Laborum suscipit quia rerum nemo corrupti. Ipsam dolor rerum placeat quis ducimus qui minima.', 'low', '2024-01-24 16:40:32', '2024-01-24 16:40:32'),
(132, 6, 'Tempore doloribus et velit qui nobis enim doloremque eligendi.', 'Corrupti eos vel laboriosam expedita qui ex odio. Sed fuga odio et aut nam velit quia. Consequatur iste doloribus id dolor. Qui alias quibusdam sit necessitatibus sit.', 'medium', '2024-01-24 16:40:32', '2024-01-24 16:40:32'),
(133, 6, 'Vitae omnis occaecati non minus nostrum tempora sed animi.', 'Magnam sapiente nostrum autem quidem perferendis praesentium corrupti. Rerum sequi perspiciatis sit magnam soluta. Distinctio sed voluptas iure nisi illum ut dolorem tempora. Qui enim saepe ut minus.', 'low', '2024-01-24 16:40:32', '2024-01-24 16:40:32'),
(134, 6, 'Sint quaerat similique amet ab officia.', 'Quo asperiores amet praesentium quasi necessitatibus velit aperiam. Rem perferendis numquam qui tempore magni perspiciatis. Atque eligendi rem aut assumenda voluptas.', 'high', '2024-01-24 16:40:32', '2024-01-24 16:40:32'),
(135, 6, 'Dignissimos ut qui eum ipsum omnis quo.', 'Consectetur nam ut eligendi sit eum nam provident quibusdam. Eum deserunt voluptatem et aut quis. Quidem exercitationem voluptatum modi libero suscipit omnis.', 'high', '2024-01-24 16:40:32', '2024-01-24 16:40:32'),
(136, 6, 'Officia enim labore ut maxime et.', 'Et sequi ad cupiditate consequatur. Nemo voluptates perspiciatis eveniet numquam iste quae est fugiat. Est nihil dolores at distinctio.', 'medium', '2024-01-24 16:40:32', '2024-01-24 16:40:32'),
(137, 6, 'Maiores aut sunt magnam ut nostrum eligendi laborum.', 'Est voluptatem veniam et ut. Et dolor itaque iste. Ipsa culpa laudantium eum et rerum voluptas aut.', 'medium', '2024-01-24 16:40:32', '2024-01-24 16:40:32'),
(138, 6, 'Optio suscipit quia ut nam ut quia.', 'Pariatur sit accusantium quia laudantium. Earum velit ut sed modi rerum et. Deleniti porro minus et voluptatem neque molestias distinctio. Explicabo itaque quaerat iste inventore.', 'medium', '2024-01-24 16:40:32', '2024-01-24 16:40:32'),
(139, 6, 'Mollitia aut voluptate expedita dolor.', 'Quia itaque vero aut reiciendis eaque. Dolorum molestiae consequatur quis sunt natus sequi quo. At consequatur fuga enim vitae beatae voluptas numquam. Est occaecati et aspernatur provident magni.', 'high', '2024-01-24 16:40:32', '2024-01-24 16:40:32'),
(140, 6, 'Provident ea et et nulla animi voluptatem est.', 'Sequi illo aperiam dolor eveniet temporibus qui amet. Omnis id quo aut culpa eius omnis exercitationem. Impedit minima consequatur accusamus itaque asperiores totam.', 'low', '2024-01-24 16:40:32', '2024-01-24 16:40:32'),
(141, 6, 'Necessitatibus atque minus sed illo.', 'Sit aliquid quidem culpa non. Libero minima dolore qui minus ut. Voluptatem autem praesentium eos accusamus fugiat beatae et. Et sit exercitationem fugiat autem unde consequatur molestiae.', 'high', '2024-01-24 16:40:32', '2024-01-24 16:40:32'),
(142, 6, 'Unde vel cumque et voluptas quasi qui.', 'Aperiam odit nihil veniam nihil. Corrupti ea porro assumenda et aspernatur consequuntur impedit. Temporibus porro eos sit atque quod dolore. Et nihil praesentium sunt in nam saepe.', 'low', '2024-01-24 16:40:32', '2024-01-24 16:40:32'),
(143, 6, 'Ex ut at vitae quis quibusdam voluptas labore.', 'Facere non repellendus odio. Doloremque et aliquid omnis nihil sint non.', 'low', '2024-01-24 16:40:32', '2024-01-24 16:40:32'),
(144, 6, 'Et omnis porro ut.', 'Voluptatem ut ipsa eligendi dicta unde impedit sed. Beatae veniam quia incidunt nam saepe tempora et placeat.', 'medium', '2024-01-24 16:40:32', '2024-01-24 16:40:32'),
(145, 6, 'Delectus est sed esse ratione delectus magnam voluptas.', 'Culpa quisquam ut voluptatem cumque soluta nostrum fuga ut. Consequatur voluptatem qui et laborum adipisci quia voluptatem. Qui quasi iusto consectetur nisi eaque.', 'high', '2024-01-24 16:40:32', '2024-01-24 16:40:32'),
(146, 6, 'Quia suscipit sunt iusto provident.', 'Consequatur aperiam odio necessitatibus in. Id aliquid voluptas et consequatur quis voluptas occaecati voluptatem. Aut quo dicta et. Qui omnis fugiat eum illo eum.', 'medium', '2024-01-24 16:40:32', '2024-01-24 16:40:32'),
(147, 6, 'Provident placeat mollitia eius cumque qui ab quo.', 'Fuga exercitationem sequi rem nulla corrupti rerum. Omnis cupiditate id numquam aliquid itaque sit est. Repudiandae tempore voluptatibus quo. Aut nostrum est laborum omnis.', 'high', '2024-01-24 16:40:32', '2024-01-24 16:40:32'),
(148, 6, 'Quaerat voluptas libero totam placeat fugiat omnis esse.', 'Non error quasi nostrum est necessitatibus non. Aliquid cumque dolorem officia sequi suscipit vel nam. Esse voluptas eum et tempore perferendis praesentium.', 'high', '2024-01-24 16:40:32', '2024-01-24 16:40:32'),
(149, 6, 'Dolor esse beatae unde eaque quibusdam rem.', 'Voluptatem doloremque qui omnis qui veritatis similique et. Nulla et adipisci laudantium et.', 'low', '2024-01-24 16:40:32', '2024-01-24 16:40:32'),
(150, 6, 'Nihil dolorum molestiae aperiam et officiis voluptatum omnis.', 'Qui aspernatur et officiis est qui. Ut voluptas quidem cumque cupiditate id hic inventore. Quisquam aut animi eos non blanditiis. Aliquid doloribus eos est aut harum eveniet.', 'medium', '2024-01-24 16:40:32', '2024-01-24 16:40:32'),
(151, 6, 'Aliquam consectetur qui est optio velit molestiae.', 'Pariatur ducimus aut optio sit dolorum tempora. Culpa sed doloribus sit dolores consequuntur. Voluptas omnis ut consequuntur et iure facere odio.', 'high', '2024-01-24 16:40:32', '2024-01-24 16:40:32'),
(152, 6, 'Consectetur assumenda ut molestiae voluptatibus neque.', 'Beatae aut eos itaque. Harum ipsam ratione quia enim. Sunt distinctio sit voluptatem voluptate odio. Aut modi doloribus corrupti ea nisi sit error.', 'medium', '2024-01-24 16:40:32', '2024-01-24 16:40:32'),
(153, 6, 'Tenetur voluptatum ut aperiam dicta recusandae facere sit.', 'Libero praesentium ea sapiente nostrum. Dolorem assumenda tenetur ex odit sint odit enim minus. Ea dolores excepturi eos consequatur sint rem dolor soluta.', 'low', '2024-01-24 16:40:32', '2024-01-24 16:40:32'),
(154, 6, 'Ratione commodi ratione dolores quia.', 'Unde vitae dolor qui rerum. Fugiat architecto debitis quis voluptates. Dignissimos minima veritatis quia tempora.', 'medium', '2024-01-24 16:40:32', '2024-01-24 16:40:32'),
(155, 6, 'Quas quo magnam distinctio maxime distinctio non.', 'Dicta excepturi aut qui distinctio possimus. Rem placeat placeat repudiandae sunt consequatur laboriosam amet. Assumenda quam aut ea est aperiam quia porro amet.', 'medium', '2024-01-24 16:40:32', '2024-01-24 16:40:32'),
(156, 6, 'Est nam unde modi corporis beatae.', 'Amet perspiciatis nihil quidem rerum veritatis molestias placeat ut. Natus consequatur facere quasi nobis est alias repudiandae. Sit harum modi et nam. Corrupti ut et aperiam eum.', 'low', '2024-01-24 16:40:32', '2024-01-24 16:40:32'),
(157, 6, 'Ut beatae et qui.', 'Ex iure aut molestiae fugiat et. Quae autem earum odit non. Et enim perspiciatis aliquid et ut inventore sed.', 'low', '2024-01-24 16:40:32', '2024-01-24 16:40:32'),
(158, 6, 'Exercitationem ut velit consequatur ipsam facilis.', 'Ut ipsum neque sed sunt distinctio iusto quo. Consequuntur debitis fugit qui ea a velit. Sunt cumque deleniti error tenetur tempora quos. In et harum culpa repudiandae necessitatibus.', 'low', '2024-01-24 16:40:32', '2024-01-24 16:40:32'),
(159, 6, 'Et at corporis iusto iure qui voluptas officia.', 'Mollitia voluptatem qui porro. Voluptatem nulla distinctio fuga. Eius rerum cumque eligendi aut velit adipisci. Non ab impedit doloribus magnam cumque ut reprehenderit.', 'low', '2024-01-24 16:40:32', '2024-01-24 16:40:32'),
(160, 6, 'Sit voluptatem necessitatibus molestiae culpa consequatur magnam qui.', 'Voluptatem expedita blanditiis dolor iure doloremque animi voluptatem. Tenetur illum sapiente cupiditate omnis similique.', 'high', '2024-01-24 16:40:32', '2024-01-24 16:40:32'),
(161, 6, 'Officiis quasi eum rerum ullam.', 'Saepe est qui velit sit atque et ab. Enim quia rerum maiores laboriosam. Exercitationem enim amet non et dignissimos amet porro. Aperiam beatae repellendus animi occaecati corporis.', 'high', '2024-01-24 16:40:32', '2024-01-24 16:40:32'),
(162, 6, 'Omnis dolores quo consequatur et aut dolor maiores.', 'Dolorum a placeat error voluptatem. Ipsa tempora quo placeat quaerat delectus non. Officia corporis quisquam esse porro placeat voluptatem est. Sit occaecati in rerum dolor illo maxime ea.', 'high', '2024-01-24 16:40:32', '2024-01-24 16:40:32'),
(163, 6, 'Voluptatem rerum et totam consectetur.', 'Neque debitis id sed sequi praesentium. Quia qui quo magnam aliquid. Dolores ipsam error tenetur a. Vitae dolorem sunt quo perspiciatis.', 'medium', '2024-01-24 16:40:32', '2024-01-24 16:40:32'),
(164, 6, 'Dolor dolorem iste fuga sint occaecati.', 'Omnis aspernatur modi unde aut alias. Facilis et non sit reprehenderit possimus. Magnam amet repudiandae nihil deserunt ut. Vel reiciendis est in accusamus voluptatem necessitatibus sint.', 'low', '2024-01-24 16:40:32', '2024-01-24 16:40:32'),
(165, 6, 'Numquam hic dignissimos quibusdam recusandae voluptate velit placeat.', 'Eum dignissimos unde eos officia beatae qui quasi qui. Non reprehenderit est optio nisi. In rem vel impedit expedita velit itaque delectus.', 'high', '2024-01-24 16:40:32', '2024-01-24 16:40:32'),
(166, 6, 'Velit dolor praesentium autem soluta.', 'Qui eos dicta ea sit odit. Laudantium aut libero velit consequuntur amet eum. Accusamus commodi voluptate asperiores unde architecto facere.', 'high', '2024-01-24 16:40:32', '2024-01-24 16:40:32'),
(167, 6, 'Culpa cupiditate ab distinctio fugit autem.', 'Incidunt nulla ut accusamus modi aliquam neque qui. Assumenda laborum quia nesciunt sequi. Dolorum dicta aliquam id tenetur ea fuga reiciendis.', 'medium', '2024-01-24 16:40:32', '2024-01-24 16:40:32'),
(168, 6, 'Totam commodi qui sint aliquam fuga.', 'Ut laborum fugiat id pariatur repellat fugiat occaecati. Libero voluptates architecto est iure et nobis voluptatem. Possimus et officia consequuntur quos.', 'high', '2024-01-24 16:40:32', '2024-01-24 16:40:32'),
(169, 6, 'Ut quos vero nostrum ea.', 'Alias ratione quibusdam dignissimos rem. Porro tempore veniam fugiat iusto reiciendis.', 'high', '2024-01-24 16:40:32', '2024-01-24 16:40:32'),
(170, 6, 'Nobis et voluptates ullam hic alias.', 'Magnam enim est repudiandae mollitia occaecati recusandae rem. Facere earum et ipsam quod eos hic et aliquid. Quos voluptatum est sint atque temporibus laudantium.', 'low', '2024-01-24 16:40:32', '2024-01-24 16:40:32'),
(171, 6, 'Velit atque id voluptas aut sit ut.', 'Architecto expedita debitis illo voluptatem. Quod ratione ipsa dignissimos perspiciatis expedita sunt aliquam quasi. Harum nam dolor accusantium excepturi molestias inventore.', 'medium', '2024-01-24 16:40:32', '2024-01-24 16:40:32'),
(172, 6, 'Quos natus ratione tempora qui et.', 'Suscipit cupiditate voluptates aut ab. Vel voluptate esse consequatur inventore optio impedit. Quam voluptas repudiandae assumenda quia beatae vel odit.', 'high', '2024-01-24 16:40:32', '2024-01-24 16:40:32'),
(173, 6, 'Maxime sapiente placeat sit sit quod laudantium.', 'Est eos asperiores repudiandae cupiditate. Ducimus ipsam velit voluptatum similique dolor voluptatibus. Voluptate aut eaque aut porro aut ad quidem. Consequatur et ullam sequi qui non non minus.', 'low', '2024-01-24 16:40:32', '2024-01-24 16:40:32'),
(174, 6, 'Aperiam aut totam quibusdam vitae consequuntur ex.', 'Assumenda omnis provident maiores tenetur quaerat sunt. Atque et molestiae rerum ipsam numquam deserunt quo. Quo voluptas nihil provident neque molestiae.', 'medium', '2024-01-24 16:40:32', '2024-01-24 16:40:32'),
(175, 6, 'Doloribus impedit iste dolorum debitis ut et.', 'Maxime accusamus neque perspiciatis velit dignissimos. Delectus quam eligendi inventore harum. Non voluptatem accusamus quasi deleniti voluptatem voluptates.', 'low', '2024-01-24 16:40:32', '2024-01-24 16:40:32'),
(176, 6, 'Deleniti porro hic placeat assumenda qui velit velit.', 'Nesciunt est nemo quo omnis. Amet eos ea sit aspernatur laudantium. Et qui facere optio magnam ea esse.', 'medium', '2024-01-24 16:40:32', '2024-01-24 16:40:32'),
(177, 6, 'Consequatur aut ab hic beatae velit.', 'Doloremque reiciendis exercitationem inventore voluptas. Possimus saepe sit ut itaque ratione id est. Provident autem laboriosam voluptatem corporis sit.', 'medium', '2024-01-24 16:40:32', '2024-01-24 16:40:32'),
(178, 6, 'Optio in voluptatum saepe est.', 'Est minus non quis id enim voluptatem nesciunt deleniti. Aliquam molestiae vitae et rerum nihil. Labore amet accusamus quia distinctio.', 'medium', '2024-01-24 16:40:32', '2024-01-24 16:40:32'),
(179, 6, 'Placeat ut magni omnis qui ea sequi rerum.', 'Voluptates numquam amet possimus. Id itaque qui eius assumenda eum non. Aliquid odit iste asperiores tempore ratione voluptas voluptatibus. Officia qui quam sed ipsum. Aliquam id asperiores eaque ad.', 'medium', '2024-01-24 16:40:32', '2024-01-24 16:40:32'),
(180, 6, 'Deleniti ea at earum.', 'Porro magni in voluptas similique sit repellat. Est sit iusto officia voluptas libero distinctio esse quis. Omnis totam inventore error ut et sed in.', 'high', '2024-01-24 16:40:32', '2024-01-24 16:40:32'),
(181, 6, 'Ea ipsam ut ea consectetur.', 'Ut tenetur nisi cupiditate autem libero quo qui reprehenderit. Error molestiae delectus voluptatum aut. Velit inventore impedit eos officia blanditiis in ut. Cumque id modi sapiente.', 'high', '2024-01-24 16:40:32', '2024-01-24 16:40:32'),
(182, 6, 'Quibusdam voluptatem alias ratione commodi consectetur accusamus vel.', 'Ut deserunt in ut est eum. Tempora sit aut non dignissimos corporis natus. Quae recusandae nesciunt repudiandae iste.', 'low', '2024-01-24 16:40:32', '2024-01-24 16:40:32'),
(183, 6, 'Ratione possimus et cumque eos sint recusandae.', 'Voluptatem distinctio est aliquid dicta quod possimus. Quis laborum repellendus fugiat. Voluptas dolores et quo quam similique occaecati.', 'low', '2024-01-24 16:40:32', '2024-01-24 16:40:32'),
(184, 6, 'Vel eius expedita qui.', 'Est dolores illo nihil rerum minima. Provident vitae minus officia ex in. Velit optio voluptate minus magni maiores. Consequatur sit sed rerum eligendi at ut molestiae.', 'low', '2024-01-24 16:40:32', '2024-01-24 16:40:32'),
(185, 6, 'Voluptatem magni molestias et ducimus.', 'Molestiae voluptatem nobis sit qui consequatur. Est vitae molestiae et voluptas. Fuga consequatur ducimus enim doloremque.', 'high', '2024-01-24 16:40:32', '2024-01-24 16:40:32'),
(186, 6, 'Iste blanditiis dolorem error fuga occaecati.', 'Atque sit ea cum nostrum vel autem error. Debitis voluptas cupiditate culpa aliquam. Perferendis voluptas molestias deserunt non dolore. Officiis et aut autem laborum.', 'high', '2024-01-24 16:40:32', '2024-01-24 16:40:32'),
(187, 6, 'Est accusantium illum voluptatem est repellat.', 'Officiis eius dolor excepturi aut voluptatem dicta animi. Repudiandae adipisci iure voluptate perspiciatis sed nam voluptas. Autem quod assumenda est sint.', 'medium', '2024-01-24 16:40:32', '2024-01-24 16:40:32'),
(188, 6, 'Quo temporibus optio libero dolore fugit.', 'Qui aut beatae ut quasi in et voluptates. Molestiae voluptas deserunt autem. Voluptas et consequuntur ea at accusantium provident sunt sed. Vel eos exercitationem sed quam.', 'high', '2024-01-24 16:40:32', '2024-01-24 16:40:32'),
(189, 6, 'Aperiam quasi excepturi sed deserunt.', 'Est ut nisi eaque. Explicabo exercitationem et esse ipsum ea. A et recusandae rem delectus rerum quod. Sint vitae odit et deleniti quidem natus modi.', 'low', '2024-01-24 16:40:32', '2024-01-24 16:40:32');
INSERT INTO `tasks` (`id`, `user_id`, `name`, `description`, `priority`, `created_at`, `updated_at`) VALUES
(190, 6, 'Dolor distinctio voluptatem dolorem enim.', 'Laborum modi aspernatur doloremque. Quia provident reiciendis aut et dolorem. Eveniet aut quis esse explicabo. Quasi voluptates aliquid rerum aspernatur autem iste dolor.', 'high', '2024-01-24 16:40:32', '2024-01-24 16:40:32'),
(191, 6, 'Ut cupiditate quisquam quas iste consequatur dolorum.', 'Tenetur harum nesciunt explicabo occaecati assumenda sed. Reprehenderit laudantium sequi dolores aut aut. Iusto tenetur aspernatur recusandae sapiente dolorem sint.', 'low', '2024-01-24 16:40:32', '2024-01-24 16:40:32'),
(192, 6, 'Adipisci ea non voluptates aut ipsum natus aut.', 'Id hic quaerat voluptas laboriosam sequi perspiciatis tempora quas. Labore beatae tenetur dignissimos minus nisi enim blanditiis. Recusandae eligendi asperiores qui possimus autem.', 'low', '2024-01-24 16:40:32', '2024-01-24 16:40:32'),
(193, 6, 'Enim laudantium minus ea hic eos quisquam.', 'Qui fugiat dolores dolores aliquid. Fuga eaque voluptas et quia consequatur neque eum. Et impedit et qui doloribus. Eaque molestiae eaque dolore est vel sunt alias rerum.', 'medium', '2024-01-24 16:40:32', '2024-01-24 16:40:32'),
(194, 6, 'Laborum nam expedita deserunt aut ea.', 'Qui eligendi aut quasi cum nihil cum. Explicabo velit sint sunt cum. Consequatur consectetur dolorum sit tempora.', 'high', '2024-01-24 16:40:32', '2024-01-24 16:40:32'),
(195, 6, 'Recusandae doloremque nihil ut deserunt qui.', 'Vero cum rerum qui debitis qui magni dolor. Distinctio blanditiis sit voluptate in distinctio.', 'medium', '2024-01-24 16:40:32', '2024-01-24 16:40:32'),
(196, 6, 'Qui nihil et qui voluptates enim eligendi dolores.', 'Iure illo porro aperiam voluptatem. Quia totam voluptatem nihil cumque hic. Aut odit at praesentium dignissimos doloremque ducimus. Non id perspiciatis suscipit asperiores aut ut.', 'medium', '2024-01-24 16:40:32', '2024-01-24 16:40:32'),
(197, 6, 'Eius dignissimos quis recusandae dolore.', 'Asperiores voluptatem voluptatem eos autem. Corporis fugit iusto qui. Repellat iste modi necessitatibus ea sint. Tenetur odit modi esse illo rem.', 'medium', '2024-01-24 16:40:32', '2024-01-24 16:40:32'),
(198, 6, 'Harum et sint nisi consequuntur qui quo eum necessitatibus.', 'Debitis nihil ut voluptatum dolorem neque et quia. Iure temporibus itaque deleniti maxime ipsum sed quis. Quasi at cupiditate exercitationem debitis non. Consequatur officiis qui totam fugit.', 'high', '2024-01-24 16:40:32', '2024-01-24 16:40:32'),
(199, 6, 'Voluptas adipisci corporis ut accusamus aut natus nisi.', 'Sed consequuntur autem fugiat perferendis nostrum est doloremque. Vero quibusdam qui voluptatibus voluptatibus id.', 'high', '2024-01-24 16:40:32', '2024-01-24 16:40:32'),
(200, 6, 'Necessitatibus temporibus reprehenderit illum perspiciatis in veniam velit.', 'Ratione hic sunt mollitia sunt cumque ut deserunt. Repellendus sit modi perferendis ut. Iusto id atque maiores error quia fuga.', 'high', '2024-01-24 16:40:32', '2024-01-24 16:40:32'),
(201, 6, 'Voluptas sint temporibus rerum.', 'Sequi suscipit et temporibus deserunt. Qui error quam magni. Commodi quasi exercitationem temporibus est eum.', 'high', '2024-01-24 16:40:32', '2024-01-24 16:40:32'),
(202, 6, 'Expedita ullam eaque suscipit tenetur sequi rerum.', 'Odit ut nobis quod saepe. Qui voluptas qui debitis. Voluptatem ipsum quisquam blanditiis facilis aut.', 'high', '2024-01-24 16:40:32', '2024-01-24 16:40:32'),
(203, 6, 'Et adipisci labore non nam vero.', 'Enim vel ut aut maiores. Debitis explicabo et natus eaque rerum deleniti odit. Qui tempore vel assumenda molestiae. Ut adipisci aut deserunt voluptas alias accusantium.', 'high', '2024-01-24 16:40:32', '2024-01-24 16:40:32'),
(204, 6, 'Occaecati blanditiis impedit veritatis veniam inventore nobis accusantium sint.', 'Odio et ullam est dolore. Qui sit facilis officiis veritatis eveniet dolorem ea aliquid. Fugit nemo neque expedita et. Ipsum commodi omnis mollitia quia eos tempora libero. Impedit aut et et maxime.', 'high', '2024-01-24 16:40:32', '2024-01-24 16:40:32'),
(205, 6, 'Quae explicabo asperiores autem et eveniet voluptatibus.', 'Veniam quos quis sunt fuga sit eligendi. Deleniti natus aperiam eum. Illum sed quam consequatur magnam. Sit qui necessitatibus tempore id tempora.', 'low', '2024-01-24 16:40:32', '2024-01-24 16:40:32'),
(206, 6, 'Doloremque nostrum eaque et est.', 'Quam ullam et corporis. Reiciendis et omnis provident ipsum. Perferendis porro est repellendus quasi.', 'high', '2024-01-24 16:40:32', '2024-01-24 16:40:32'),
(207, 6, 'Laudantium magni magnam et occaecati et rerum ea.', 'Quos eos blanditiis veritatis non eos et excepturi. Rem sit quis sint cumque ea libero. Corporis repellendus inventore ducimus aut facere modi architecto. Neque magnam corrupti veritatis.', 'low', '2024-01-24 16:40:32', '2024-01-24 16:40:32'),
(208, 6, 'Aut enim et sunt laboriosam facilis voluptatem.', 'Est ut voluptas sed. Ut non et iure facere. Repudiandae placeat eum dolorum quia quia quia.', 'high', '2024-01-24 16:40:32', '2024-01-24 16:40:32'),
(209, 6, 'Est repudiandae numquam aperiam pariatur architecto modi dicta.', 'Quis commodi quibusdam quibusdam illo. Ut amet reiciendis ab fuga. Veniam laudantium exercitationem itaque et.', 'high', '2024-01-24 16:40:32', '2024-01-24 16:40:32'),
(210, 6, 'Minus sint cum molestias velit.', 'Officia commodi eaque eos veniam. Illo et soluta sunt. Veniam commodi cumque et nesciunt. Et voluptas iusto doloribus praesentium et est aspernatur.', 'high', '2024-01-24 16:40:32', '2024-01-24 16:40:32'),
(211, 6, 'Enim sunt et aspernatur eaque tempore aspernatur.', 'Sit aliquid perspiciatis saepe incidunt illo. Alias autem facilis voluptates autem laborum possimus. Cum iusto consequatur harum voluptates temporibus.', 'high', '2024-01-24 16:40:32', '2024-01-24 16:40:32'),
(212, 6, 'Possimus qui quia consequatur rerum quis placeat officia qui.', 'Non quidem minus ut odit maxime sed. Est quo iste vero ex eligendi. Est porro doloribus repellat veniam rerum aperiam. Quibusdam quam explicabo quis ipsum nisi dolor eligendi dolores.', 'high', '2024-01-24 16:40:32', '2024-01-24 16:40:32'),
(213, 6, 'Fugit eligendi vel laborum.', 'Esse consequatur sit optio minus expedita exercitationem voluptas. Nobis quam consectetur exercitationem non culpa voluptates deserunt. Nam recusandae animi accusamus minima qui.', 'high', '2024-01-24 16:40:32', '2024-01-24 16:40:32'),
(214, 6, 'Rerum sed ut adipisci autem.', 'Enim sapiente ullam autem debitis eius. Et corrupti saepe numquam beatae amet sit ab tempora. Laborum veritatis vitae cupiditate quidem nulla.', 'low', '2024-01-24 16:40:32', '2024-01-24 16:40:32'),
(215, 6, 'Repudiandae est qui perferendis doloribus voluptas.', 'Quis quidem neque laudantium aut voluptas at. Tempora laborum itaque impedit in ut iusto. Magni consectetur velit blanditiis placeat voluptatem natus et. Dolorum sunt quas culpa dolorem.', 'low', '2024-01-24 16:40:32', '2024-01-24 16:40:32'),
(216, 6, 'Omnis aut placeat qui.', 'Ut molestiae officiis eius repudiandae ea omnis. Nesciunt dolores quas sit eveniet rerum explicabo quia. Consectetur eius doloribus veniam molestiae pariatur eligendi. Quos reiciendis ut est porro.', 'medium', '2024-01-24 16:40:32', '2024-01-24 16:40:32'),
(217, 6, 'Eum aut molestias fugiat.', 'Aliquid perspiciatis tempora eligendi aut magni. Autem commodi corporis nesciunt cum velit. Libero perspiciatis voluptas minus modi et esse. Itaque laboriosam esse similique deserunt ab.', 'high', '2024-01-24 16:40:32', '2024-01-24 16:40:32'),
(218, 6, 'Doloribus ea ut et ratione ratione.', 'Totam porro vero qui consectetur molestiae. Quisquam nisi consectetur repellendus architecto aliquid. Dolor aut qui et qui blanditiis enim. Non corporis quo enim non.', 'high', '2024-01-24 16:40:32', '2024-01-24 16:40:32'),
(219, 6, 'Nihil quo et magni dolores modi molestias velit.', 'Facere et ab praesentium voluptatibus facere. Omnis itaque in quo asperiores. Doloribus rerum commodi ut ut.', 'high', '2024-01-24 16:40:32', '2024-01-24 16:40:32'),
(220, 6, 'Ipsum enim molestiae quia ut sed enim id facere.', 'Ex hic illum sit corrupti nostrum dolorem dolorum. Commodi ut iste non eaque reprehenderit. Cupiditate maiores nihil et. Et sint et veritatis nesciunt eum. Quos animi voluptatem placeat.', 'medium', '2024-01-24 16:40:32', '2024-01-24 16:40:32'),
(221, 6, 'Minima eligendi ex ad minus qui.', 'Voluptatibus quae quas sit ducimus. Sunt quos neque ut dolores enim vero consequuntur. Ut eius optio temporibus sapiente rerum enim ab. Exercitationem aspernatur vel qui qui ut.', 'medium', '2024-01-24 16:40:32', '2024-01-24 16:40:32'),
(222, 6, 'Odit non eum facilis nobis.', 'Laudantium voluptas rerum aperiam qui. Dignissimos et sit consequatur voluptatem recusandae. Debitis sit voluptates ipsa sit aut sapiente rem.', 'medium', '2024-01-24 16:40:32', '2024-01-24 16:40:32'),
(223, 6, 'Quis aut cupiditate aut inventore quos eos.', 'Consectetur rerum quas qui. Voluptatem est amet provident in autem optio. Molestiae velit doloremque facilis quisquam.', 'medium', '2024-01-24 16:40:32', '2024-01-24 16:40:32'),
(224, 6, 'Ea aliquid qui doloremque.', 'Ratione aspernatur animi accusantium error aliquam animi. Molestiae illum sed qui libero. Quos nobis quia et quo.', 'low', '2024-01-24 16:40:32', '2024-01-24 16:40:32'),
(225, 6, 'Quasi aut sequi qui adipisci omnis ratione.', 'Aliquid quod doloribus itaque eum illo corporis. Deleniti quidem nesciunt dolores et et consectetur amet. Perferendis rerum accusamus ut neque qui eum. Voluptas numquam numquam qui ut aliquam ipsam.', 'high', '2024-01-24 16:40:32', '2024-01-24 16:40:32'),
(226, 6, 'Magni autem eligendi dignissimos tempore consequuntur.', 'Aut dolorem cupiditate ut. Deleniti eos quia temporibus cumque aspernatur eligendi nemo aliquid. Delectus numquam quia voluptatem quo. Quia accusamus ut repudiandae harum consequuntur quo.', 'low', '2024-01-24 16:40:32', '2024-01-24 16:40:32'),
(227, 6, 'Aperiam non quia atque sit autem maiores.', 'Provident veritatis voluptatem tempore veniam iure ipsa impedit. Vel est commodi veniam iure. Quas dolore ullam deleniti et quaerat numquam.', 'low', '2024-01-24 16:40:32', '2024-01-24 16:40:32'),
(228, 6, 'Quisquam aut minus ea ut.', 'Harum repellendus nulla est sit est. Unde debitis deleniti quam atque et.', 'low', '2024-01-24 16:40:32', '2024-01-24 16:40:32'),
(229, 6, 'Voluptatem repudiandae aut odit sint inventore sequi.', 'Dolorem hic necessitatibus velit. Vero et fugit culpa ipsa. Eveniet commodi quia veritatis.', 'high', '2024-01-24 16:40:32', '2024-01-24 16:40:32'),
(230, 6, 'Et totam aperiam sit quos officia est est.', 'Sit natus illum a iste repudiandae blanditiis impedit reiciendis. Est explicabo harum labore voluptas minus. Dicta eos et sunt libero sed id. Quibusdam maiores aliquid quasi.', 'medium', '2024-01-24 16:40:32', '2024-01-24 16:40:32'),
(231, 6, 'Quos nulla aliquid rerum aut rem qui qui.', 'Est beatae magnam quis vero. Accusamus ipsa eveniet facere unde. Suscipit quidem possimus quia rerum. Velit eos est aperiam voluptatem.', 'medium', '2024-01-24 16:40:32', '2024-01-24 16:40:32'),
(232, 6, 'Possimus dolore molestias nemo ea iste nam qui.', 'Rerum magni cum quam quia deserunt minus tempora. Sint beatae magni inventore facere eum explicabo. Aut optio mollitia eos reprehenderit ipsam id rem. Aliquid neque at dolore nulla delectus quia.', 'medium', '2024-01-24 16:40:32', '2024-01-24 16:40:32'),
(233, 6, 'Voluptatum id repellat harum sunt debitis.', 'Unde non mollitia inventore voluptatem quia soluta. Asperiores incidunt sed accusantium odio sed. Similique ut sint cupiditate ex.', 'high', '2024-01-24 16:40:32', '2024-01-24 16:40:32'),
(234, 6, 'Consequuntur beatae nihil est ut dolore.', 'Quia modi voluptates porro molestiae accusantium. Accusamus illo est quod sed in ut voluptas. Accusamus maxime doloribus quia enim.', 'low', '2024-01-24 16:40:32', '2024-01-24 16:40:32'),
(235, 6, 'Consequuntur nisi vero ab aut eligendi.', 'Non deserunt nemo provident nobis et dicta harum. Debitis eius molestias debitis. Veritatis harum aperiam nulla voluptatibus voluptatem. Impedit est porro aut voluptatum veniam et.', 'low', '2024-01-24 16:40:32', '2024-01-24 16:40:32'),
(236, 6, 'Ut iste omnis voluptas ab.', 'Nulla a asperiores non. Aperiam aut repellendus nam ut sed. Quod reprehenderit qui velit sit dolores nesciunt minima neque. Nulla sit sed molestiae sed praesentium et beatae error.', 'high', '2024-01-24 16:40:32', '2024-01-24 16:40:32'),
(237, 6, 'Nihil cupiditate rerum sint doloremque numquam reprehenderit illum.', 'Dolores accusantium pariatur repellat perferendis aut. Impedit natus aut officiis sequi dolorem. Et quaerat at voluptate nesciunt.', 'medium', '2024-01-24 16:40:32', '2024-01-24 16:40:32'),
(238, 6, 'Ut perferendis et laudantium illo magni omnis.', 'Numquam quis sint eum odio debitis doloremque nihil amet. Qui quia iusto molestias sed non.', 'high', '2024-01-24 16:40:32', '2024-01-24 16:40:32'),
(239, 6, 'Omnis consectetur et facere quia ullam ipsum aut.', 'Id aut et tenetur tempora quia et sunt. Enim quas pariatur omnis minus hic. Aut perspiciatis aut repellendus consectetur. Asperiores dolores in est qui cum consequatur.', 'low', '2024-01-24 16:40:32', '2024-01-24 16:40:32'),
(240, 6, 'Assumenda aperiam consequatur suscipit sunt.', 'Dolor tempora recusandae et et ut delectus. Qui enim tenetur aperiam tenetur ex animi cumque. Et odit atque adipisci blanditiis natus. Ad suscipit ipsum vero aspernatur.', 'high', '2024-01-24 16:40:32', '2024-01-24 16:40:32'),
(241, 6, 'Exercitationem officia dolores ut repellendus.', 'Sint fugit et accusamus quod in nemo vel. Optio quo nemo ea libero quae. Ipsa ipsam veritatis magni impedit.', 'high', '2024-01-24 16:40:32', '2024-01-24 16:40:32'),
(242, 6, 'Eius quos ut sit explicabo.', 'Atque perspiciatis nostrum qui. Ipsum impedit beatae nostrum nulla. Dolorem libero perferendis saepe consectetur quibusdam quos eius sed.', 'medium', '2024-01-24 16:40:32', '2024-01-24 16:40:32'),
(243, 6, 'Perferendis aut fuga earum sit perferendis est.', 'Voluptas repellendus quasi consectetur eius. Sed et et ipsa vel repudiandae nesciunt sint eos. Exercitationem cumque quaerat ut ut qui reiciendis in.', 'high', '2024-01-24 16:40:32', '2024-01-24 16:40:32'),
(244, 6, 'Dolor rem a rerum ratione consequuntur quis.', 'Ea et quia minus minus perferendis libero saepe. Neque nobis dolores sit alias aut facilis commodi. Molestias voluptate sequi porro quo.', 'high', '2024-01-24 16:40:32', '2024-01-24 16:40:32'),
(245, 6, 'Et quia ut qui ab non sint.', 'Ut dicta ratione et. Exercitationem sed eum quam rem suscipit. Voluptatem est occaecati id iste iure excepturi odit.', 'medium', '2024-01-24 16:40:32', '2024-01-24 16:40:32'),
(246, 6, 'Vitae et quos provident aliquid temporibus consequatur.', 'Quibusdam mollitia illo ex necessitatibus et. Velit voluptas consequatur voluptatem qui. Sunt quo repudiandae perspiciatis officiis et numquam quas autem. Similique aut et hic sint ut molestiae qui.', 'high', '2024-01-24 16:40:32', '2024-01-24 16:40:32'),
(247, 6, 'Alias excepturi pariatur qui officiis et voluptas labore.', 'Iste a qui sit sit eveniet. Aspernatur ea id eligendi debitis voluptatem qui iusto.', 'medium', '2024-01-24 16:40:32', '2024-01-24 16:40:32'),
(248, 6, 'Est dolorum mollitia provident excepturi.', 'Eum perferendis magnam quo. Non ut vel qui similique repellat in. Et harum voluptate doloribus non mollitia eos et. Facere sit nemo est ad labore blanditiis modi.', 'medium', '2024-01-24 16:40:32', '2024-01-24 16:40:32'),
(249, 6, 'Itaque repellendus officiis ut.', 'Similique suscipit magni quae fuga delectus ipsum aut. Facilis corrupti voluptatem reiciendis. Earum amet delectus aliquid fugiat tempore.', 'low', '2024-01-24 16:40:32', '2024-01-24 16:40:32'),
(250, 6, 'At molestiae reiciendis velit nisi mollitia et sit enim.', 'Natus mollitia tenetur non error ut maiores aut. Et aut placeat aliquid atque. Culpa sequi excepturi a possimus consequatur occaecati.', 'low', '2024-01-24 16:40:32', '2024-01-24 16:40:32'),
(251, 6, 'Quam in laborum eaque ut molestias.', 'Quos doloribus eius excepturi quaerat. Suscipit iste aut accusantium id ea quod quisquam. Ea beatae voluptatem modi a. Ut repellat natus ut rerum totam rerum.', 'low', '2024-01-24 16:40:32', '2024-01-24 16:40:32'),
(252, 6, 'Consequatur corrupti voluptatibus magnam quia voluptas.', 'Quisquam tenetur consequatur quos est facilis necessitatibus recusandae laboriosam. Dignissimos optio suscipit dolores quia dolore qui asperiores recusandae.', 'medium', '2024-01-24 16:40:32', '2024-01-24 16:40:32'),
(253, 6, 'Quo reprehenderit tenetur consequatur qui ut quaerat quidem.', 'Assumenda repellendus voluptatem libero. Autem ut at aliquam et. Aut excepturi quo laudantium ipsum dolor asperiores. Inventore ad dolor labore voluptatem quae aspernatur magnam ad.', 'medium', '2024-01-24 16:40:32', '2024-01-24 16:40:32'),
(254, 6, 'Tempore repellendus modi enim.', 'Mollitia dolor quam voluptatem non qui sed. Enim architecto fugit ut soluta quaerat ea officiis. Aut expedita architecto a non ut ab qui.', 'medium', '2024-01-24 16:40:32', '2024-01-24 16:40:32'),
(255, 6, 'Id magnam voluptatem voluptate voluptas.', 'Aut harum sint voluptates odit. Voluptate non neque est. Dolor dolorum excepturi quae.', 'low', '2024-01-24 16:40:32', '2024-01-24 16:40:32'),
(256, 6, 'Quos tempora atque quos possimus commodi eveniet nesciunt.', 'Magni consequatur ducimus qui aut quibusdam et. Nobis maiores eligendi non eligendi. Magnam aliquid modi et dolor aut laudantium. Repellat amet ipsam sint ipsa accusamus quia natus.', 'medium', '2024-01-24 16:40:32', '2024-01-24 16:40:32'),
(257, 6, 'Aut a autem commodi eum.', 'Porro repudiandae distinctio aut iure tenetur odit. Quis ipsa rerum asperiores eos quaerat. Error ipsum sit qui adipisci. Beatae et voluptatem distinctio.', 'medium', '2024-01-24 16:40:32', '2024-01-24 16:40:32'),
(258, 6, 'Quo dignissimos praesentium et nisi optio adipisci.', 'Quis tempora voluptatum voluptatem dolor doloremque optio. Porro voluptatem aut delectus reprehenderit aut sunt.', 'low', '2024-01-24 16:40:32', '2024-01-24 16:40:32'),
(259, 6, 'Magni voluptatem perspiciatis facere iusto repellat animi.', 'Voluptas impedit et eum nostrum itaque. Culpa corrupti est qui iure asperiores vel eveniet. Sint consectetur maiores reprehenderit maxime unde id delectus praesentium. Corporis a aliquid at maxime.', 'high', '2024-01-24 16:40:32', '2024-01-24 16:40:32'),
(260, 6, 'Labore id dolorem perferendis aut modi maiores rem.', 'Qui ipsam officiis alias quis. Explicabo voluptatibus pariatur doloremque quod eaque. Maxime voluptas nesciunt optio quos. Facere velit dolor ratione nostrum eos sunt dignissimos culpa.', 'high', '2024-01-24 16:40:32', '2024-01-24 16:40:32'),
(261, 6, 'Magni illo molestiae sunt aspernatur.', 'In dolore nihil aliquid odio et voluptatem. Nemo dolor in quidem molestiae.', 'low', '2024-01-24 16:40:32', '2024-01-24 16:40:32'),
(262, 6, 'Quidem eius natus fugit pariatur cum voluptatibus.', 'Dicta cupiditate est dicta quo exercitationem et dolores. Praesentium nesciunt officiis quisquam et est voluptate. Porro delectus accusamus aperiam. Aperiam consequatur aliquid vel autem non rerum.', 'low', '2024-01-24 16:40:32', '2024-01-24 16:40:32'),
(263, 6, 'Nisi animi eum in.', 'Sunt libero incidunt dolorem laudantium et aut. Et consequuntur dicta non. Molestiae est nam consequatur earum modi error.', 'low', '2024-01-24 16:40:32', '2024-01-24 16:40:32'),
(264, 6, 'Nobis blanditiis labore illum velit quia pariatur delectus.', 'Veniam odio itaque ut et non. Dolorum perspiciatis ipsum et magni. Pariatur quasi vel corporis deserunt. Ut commodi exercitationem eaque facere possimus enim dolores quis.', 'medium', '2024-01-24 16:40:32', '2024-01-24 16:40:32'),
(265, 6, 'Repellat ex sit distinctio odit itaque quisquam.', 'Exercitationem similique et quo. Aliquam veniam numquam aut ducimus ab. Sed eveniet delectus et omnis libero necessitatibus sed.', 'low', '2024-01-24 16:40:32', '2024-01-24 16:40:32'),
(266, 6, 'Laborum dicta temporibus assumenda quia quam quisquam.', 'Quae qui sed qui quod provident. Est dolorem harum excepturi ipsum deserunt. Dolorum eos voluptas aut laudantium possimus.', 'medium', '2024-01-24 16:40:32', '2024-01-24 16:40:32'),
(267, 6, 'Ut ipsa quo nemo neque ab consectetur error.', 'Commodi odit debitis non architecto architecto. Molestiae dolores illo minus. Unde dolorum cupiditate dolores beatae. Inventore eveniet aperiam laboriosam.', 'high', '2024-01-24 16:40:32', '2024-01-24 16:40:32'),
(268, 6, 'Nobis hic rerum velit.', 'Rerum nihil ratione porro et alias. Sit facilis rem blanditiis id est. Quisquam praesentium cupiditate dolorum laborum.', 'low', '2024-01-24 16:40:32', '2024-01-24 16:40:32'),
(269, 6, 'Ut nam ducimus aperiam adipisci et quia voluptas aut.', 'Tempore aut dolores omnis. Eum vero amet numquam labore. Minus aperiam maxime hic rerum.', 'low', '2024-01-24 16:40:32', '2024-01-24 16:40:32'),
(270, 6, 'Praesentium qui accusamus reprehenderit vitae iste beatae impedit.', 'Nesciunt voluptatibus voluptatem et et unde eum. Ex adipisci eaque voluptas adipisci esse excepturi. Quasi aspernatur aperiam reprehenderit eos libero.', 'high', '2024-01-24 16:40:32', '2024-01-24 16:40:32'),
(271, 6, 'Consequuntur consequatur ut beatae earum ut sunt.', 'Et eaque voluptas doloremque praesentium libero. Aut consequatur quidem voluptate eligendi minima. Necessitatibus beatae et et voluptatem et aut et.', 'medium', '2024-01-24 16:40:32', '2024-01-24 16:40:32'),
(272, 6, 'Error dolor suscipit impedit veniam sint provident sint.', 'Rerum autem est dolor quasi in odio quisquam. Unde soluta sint atque sed sit. Ipsum est sit dolore aut at corporis ea. Doloribus quidem est voluptatem dicta.', 'medium', '2024-01-24 16:40:32', '2024-01-24 16:40:32'),
(273, 6, 'Sit repudiandae qui eos quia voluptatem ea aut.', 'Doloribus qui minima voluptas fuga sint. Non qui ut nam. Sunt sed modi fugiat culpa magni aperiam blanditiis. Nemo et illo neque vel.', 'high', '2024-01-24 16:40:32', '2024-01-24 16:40:32'),
(274, 6, 'Maxime perferendis ullam voluptatem quasi.', 'Pariatur harum consectetur qui illum id labore rerum. Vel iure enim in repellendus in. Rerum recusandae labore molestias.', 'high', '2024-01-24 16:40:32', '2024-01-24 16:40:32'),
(275, 6, 'Odit illo minus molestiae explicabo.', 'Quae quo doloremque cupiditate illum est doloribus quod. Reiciendis qui et sit est enim asperiores dicta voluptatum. Voluptatem in aut rerum aut. Nobis et voluptas sit voluptas dicta neque explicabo.', 'high', '2024-01-24 16:40:32', '2024-01-24 16:40:32'),
(276, 6, 'Itaque suscipit at vitae.', 'Perspiciatis id porro ullam nemo et. Non ut provident et rerum repudiandae molestiae nesciunt velit. Aliquam beatae totam distinctio omnis quo modi.', 'medium', '2024-01-24 16:40:32', '2024-01-24 16:40:32'),
(277, 6, 'Est voluptate hic ullam excepturi pariatur distinctio.', 'Delectus quibusdam inventore in dolorem vitae. Aspernatur eos et fuga deleniti ratione omnis.', 'medium', '2024-01-24 16:40:32', '2024-01-24 16:40:32'),
(278, 6, 'Magni est dicta eveniet voluptatem.', 'Quam est tenetur quisquam natus occaecati. Beatae aliquam sunt quasi quaerat. Ipsam praesentium cum cum soluta unde et rerum.', 'medium', '2024-01-24 16:40:32', '2024-01-24 16:40:32'),
(279, 6, 'Repellendus et magnam eaque molestias recusandae molestias unde recusandae.', 'Placeat et quod rerum vel mollitia. Quaerat quia in saepe qui non. Natus magni sed quis perspiciatis nisi a. Alias ut sit incidunt ut dolor.', 'medium', '2024-01-24 16:40:32', '2024-01-24 16:40:32'),
(280, 6, 'Aut natus et quod consectetur voluptatem voluptas dolor dolorum.', 'Libero quis expedita magnam. Doloremque vel in molestiae. Ea rerum voluptatem et doloremque. Similique omnis maiores qui fuga sit.', 'medium', '2024-01-24 16:40:33', '2024-01-24 16:40:33'),
(281, 6, 'Ea enim at aut deserunt voluptatem doloribus.', 'Fugit necessitatibus commodi natus numquam minima maxime expedita. Vel quaerat quo dolorem harum excepturi quidem autem. Neque ullam mollitia ex est temporibus.', 'medium', '2024-01-24 16:40:33', '2024-01-24 16:40:33'),
(282, 6, 'Velit iste iure hic eius earum.', 'Natus repellendus ducimus quibusdam velit ab ad minima. Totam eos dolores aut odio tempore. Nostrum quia voluptatem sed sit eaque facere odit. Et nihil ut voluptatum autem ab vitae.', 'high', '2024-01-24 16:40:33', '2024-01-24 16:40:33'),
(283, 6, 'Quis illum inventore dolor recusandae at id.', 'Natus enim quia harum accusantium rem possimus. Repellendus excepturi iure qui.', 'high', '2024-01-24 16:40:33', '2024-01-24 16:40:33'),
(284, 6, 'Autem ut cupiditate recusandae repudiandae numquam est.', 'Debitis dolorum tenetur et quis voluptas repellendus nisi. Inventore non saepe ut aut est. Nam unde dolores vitae.', 'medium', '2024-01-24 16:40:33', '2024-01-24 16:40:33'),
(285, 6, 'Corporis iusto accusamus occaecati.', 'Omnis ut eum enim modi laudantium. Repudiandae aut quasi et. Delectus animi incidunt est dolores. Laudantium illo dolor error quo vel est.', 'medium', '2024-01-24 16:40:33', '2024-01-24 16:40:33'),
(286, 6, 'Omnis earum aut ut eius optio.', 'Fugit quos possimus neque vitae rerum et minima. Magnam modi libero occaecati excepturi in enim corrupti. Illo quaerat et sunt neque.', 'low', '2024-01-24 16:40:33', '2024-01-24 16:40:33'),
(287, 6, 'Dolore consequatur nemo atque omnis.', 'Facere cumque corrupti ex voluptatem pariatur. Dolore qui placeat voluptatibus illo amet. Est saepe nisi omnis magnam. Voluptatem non velit eum est non et.', 'high', '2024-01-24 16:40:33', '2024-01-24 16:40:33'),
(288, 6, 'Veritatis dolorem maxime blanditiis et.', 'Dolorem vel ut delectus eaque natus ea. Eum unde enim voluptatibus molestiae est non sit. Culpa hic et molestiae enim saepe perspiciatis et.', 'low', '2024-01-24 16:40:33', '2024-01-24 16:40:33'),
(289, 6, 'Quia culpa cupiditate est sunt consectetur consequatur.', 'Eum quia unde sapiente labore. Animi aut sit perspiciatis. Sit dolor architecto cupiditate eligendi sequi.', 'low', '2024-01-24 16:40:33', '2024-01-24 16:40:33'),
(290, 6, 'Optio est aut delectus rerum.', 'Alias quisquam tempora animi. Nulla asperiores ut fuga minima ut. Deleniti asperiores repellendus illo amet qui atque nostrum commodi. Est maiores nesciunt vel.', 'medium', '2024-01-24 16:40:33', '2024-01-24 16:40:33'),
(291, 6, 'Libero voluptatem voluptas quia incidunt ducimus et.', 'Ullam autem sit velit laudantium ad sequi. Aut quae est veniam in deleniti. Exercitationem dignissimos corrupti et vel eligendi.', 'high', '2024-01-24 16:40:33', '2024-01-24 16:40:33'),
(292, 6, 'Quisquam dolores nihil dolorum reprehenderit quae eaque.', 'Odit aut voluptas cum minima et aut sint. Saepe ea a molestiae consequatur consectetur. Totam iste et commodi voluptatum. Consequatur ipsa qui in molestiae.', 'high', '2024-01-24 16:40:33', '2024-01-24 16:40:33'),
(293, 6, 'Voluptatem cum dolor corrupti a praesentium optio fugit.', 'Quia totam fugiat tenetur et laboriosam. Accusantium amet reiciendis qui minima aut ab temporibus. Qui voluptas quos consectetur natus blanditiis.', 'low', '2024-01-24 16:40:33', '2024-01-24 16:40:33'),
(294, 6, 'Explicabo cupiditate voluptatem vel sed.', 'Est eos enim amet numquam. Vitae velit modi et distinctio laboriosam nemo. Et minima iusto tempora consequatur. Maiores esse ipsa aut aut et sequi repudiandae.', 'high', '2024-01-24 16:40:33', '2024-01-24 16:40:33'),
(295, 6, 'Porro autem est fuga laudantium fuga ex neque.', 'Qui sit repudiandae ducimus eum autem accusantium dolor. Quia aspernatur et quia facere. Omnis ipsum enim blanditiis quas quia sit voluptatibus.', 'low', '2024-01-24 16:40:33', '2024-01-24 16:40:33'),
(296, 6, 'Autem est veniam voluptatem dolorem.', 'Ab porro illum a reprehenderit dolores. Distinctio aut sed aliquam quidem natus nihil iure. Quos ipsum sed aliquid quam ipsa vero. Voluptatibus esse et ipsa voluptas mollitia aut.', 'high', '2024-01-24 16:40:33', '2024-01-24 16:40:33'),
(297, 6, 'Sapiente possimus officia error voluptatem.', 'Ex earum molestiae fugiat. Modi doloremque quo sunt aut temporibus fugiat. Commodi quia quibusdam explicabo maiores. Facilis architecto iusto labore quis incidunt reiciendis enim.', 'low', '2024-01-24 16:40:33', '2024-01-24 16:40:33'),
(298, 6, 'Hic quae vitae eos est.', 'Quia maxime occaecati sed facilis magnam. Et temporibus aut explicabo ullam. Quod non ex mollitia aut.', 'low', '2024-01-24 16:40:33', '2024-01-24 16:40:33'),
(299, 6, 'Tenetur dolorem doloribus rem assumenda aut.', 'Repellat ut ut neque sunt et beatae. Est quo corrupti ad illo omnis minima. Error ea aut eligendi totam.', 'high', '2024-01-24 16:40:33', '2024-01-24 16:40:33'),
(300, 6, 'Quia et et et quae assumenda eum consequatur eaque.', 'Iusto et nostrum aut incidunt. Minima quia quia ad. Consequatur id tenetur dolor. Repellendus dolorum delectus sed. Dolorem sunt enim tenetur perspiciatis maxime tenetur quidem.', 'low', '2024-01-24 16:40:33', '2024-01-24 16:40:33'),
(301, 6, 'Similique ipsam delectus quas unde quis voluptas.', 'Dolores laboriosam eum vero velit saepe dolores. Ut rem quae exercitationem excepturi nesciunt ut rerum blanditiis. At ut magni sed.', 'high', '2024-01-24 16:40:33', '2024-01-24 16:40:33'),
(302, 6, 'Quasi eaque et omnis et nulla optio repudiandae.', 'Earum animi occaecati maiores ex odio. Quisquam dolorum atque alias. Perferendis sed eos a aut est est. Dignissimos aspernatur eos omnis illo eos.', 'high', '2024-01-24 16:40:33', '2024-01-24 16:40:33'),
(303, 6, 'Porro sunt ullam accusamus.', 'Distinctio sequi maiores necessitatibus et vitae. Ipsum omnis molestiae tempore eos eaque ab.', 'low', '2024-01-24 16:40:33', '2024-01-24 16:40:33'),
(304, 6, 'Reiciendis non nihil magni ab officiis ab.', 'Dolore eius aspernatur architecto. Et libero et voluptates est voluptatem ut. Quos vero repudiandae consequatur enim quasi. Voluptatem aut tenetur dolores a est rerum.', 'low', '2024-01-24 16:40:33', '2024-01-24 16:40:33'),
(305, 6, 'Consequatur itaque doloribus odit iusto ut eius saepe.', 'Architecto rem ut placeat voluptates. Molestiae et rerum placeat est. Vel exercitationem sapiente occaecati quis repudiandae est cum cum.', 'high', '2024-01-24 16:40:33', '2024-01-24 16:40:33'),
(306, 6, 'Rerum dolore eveniet esse facere nemo.', 'Corporis qui aut itaque qui sapiente. Quaerat autem at quos eos animi sapiente amet ipsum. Quia vel autem voluptatem est fuga voluptatibus qui.', 'low', '2024-01-24 16:40:33', '2024-01-24 16:40:33'),
(307, 6, 'Debitis quae molestiae et beatae est.', 'Quam et molestias nesciunt dolores suscipit. Eum quia minima et eum nihil. Nisi maxime maiores hic delectus reiciendis ducimus. Laboriosam et suscipit aliquid optio itaque.', 'low', '2024-01-24 16:40:33', '2024-01-24 16:40:33'),
(308, 6, 'Est sequi enim dolore doloremque doloribus architecto.', 'Ut quo molestiae voluptas debitis debitis. Est ea aut at quam tenetur. Iste repellendus amet itaque pariatur deleniti.', 'medium', '2024-01-24 16:40:33', '2024-01-24 16:40:33'),
(309, 6, 'Sunt quod voluptatem eum quia qui velit qui.', 'Aut voluptatem illo in. Non voluptatem in aperiam quibusdam. Sit vero asperiores molestiae odit nisi. Vero placeat consequuntur dicta asperiores iusto.', 'medium', '2024-01-24 16:40:33', '2024-01-24 16:40:33'),
(310, 6, 'Blanditiis dignissimos vel sed libero qui.', 'Saepe consequatur qui nam in. Expedita et doloribus ducimus ut quis. Laborum nisi ut id non voluptas rem non. Necessitatibus perspiciatis delectus laboriosam ipsam in et repudiandae magnam.', 'high', '2024-01-24 16:40:33', '2024-01-24 16:40:33'),
(311, 6, 'Tenetur sit similique reprehenderit sit.', 'Nihil sunt accusantium ipsum nemo reprehenderit quibusdam. Dolorum aut iusto sed a eum aut tempora. Temporibus hic quas consequatur odio. Sint accusamus rem unde.', 'high', '2024-01-24 16:40:33', '2024-01-24 16:40:33'),
(312, 6, 'Voluptas et voluptate aut est ducimus eum.', 'Dolore nihil quis nam minus inventore. Adipisci eum ut itaque enim suscipit in. Nesciunt vel explicabo occaecati unde nihil ut laudantium.', 'medium', '2024-01-24 16:40:33', '2024-01-24 16:40:33'),
(313, 6, 'Ea ab accusantium sunt ullam quam eligendi.', 'Quia vitae eligendi accusantium voluptate. Neque assumenda odit magnam sed voluptatum et quis. Tenetur velit similique porro. Pariatur fuga voluptatem maxime excepturi necessitatibus.', 'low', '2024-01-24 16:40:33', '2024-01-24 16:40:33'),
(314, 6, 'Facilis fuga voluptatem eum.', 'Unde officiis consequatur est hic consectetur. Dolorem asperiores rerum exercitationem in. Perferendis nisi temporibus a ea vel expedita.', 'high', '2024-01-24 16:40:33', '2024-01-24 16:40:33'),
(315, 6, 'Recusandae quia ducimus eum aut.', 'Et aut quia quo nulla facere facilis eligendi. Veniam cumque eligendi porro nesciunt. Eos id doloremque doloribus quo. Aliquam et qui et non.', 'medium', '2024-01-24 16:40:33', '2024-01-24 16:40:33'),
(316, 6, 'Qui voluptatem modi quam est est delectus.', 'Rerum sunt iure officiis. Rerum autem ab laborum omnis debitis. Quis aut beatae voluptatem libero non quia.', 'medium', '2024-01-24 16:40:33', '2024-01-24 16:40:33'),
(317, 6, 'Velit occaecati quo a accusantium.', 'Qui modi quam ut optio perspiciatis ea nemo. Et nihil reiciendis amet laborum nihil sapiente explicabo. Aperiam tempore corporis fuga assumenda eos ut consequatur.', 'high', '2024-01-24 16:40:33', '2024-01-24 16:40:33'),
(318, 6, 'Magni harum quia occaecati ad error.', 'Illo doloribus dolores impedit qui non nemo dolorem id. Saepe et totam corrupti ipsum et. Dolorum fugit non consequatur nulla harum voluptatem maxime. Aliquid fugit ut et veritatis nulla.', 'high', '2024-01-24 16:40:33', '2024-01-24 16:40:33'),
(319, 6, 'Ea nihil voluptatem nulla molestiae quis veritatis iste.', 'Dolorem assumenda odio nostrum asperiores. Labore aut enim dolorem. Et quis a cumque tempora sequi sunt. Voluptatum perferendis qui est quo expedita eaque ea.', 'high', '2024-01-24 16:40:33', '2024-01-24 16:40:33'),
(320, 6, 'Voluptatem odit dicta harum fugiat dolor odio.', 'Laborum nobis voluptatem ut veniam. Facere est perspiciatis illo.', 'low', '2024-01-24 16:40:33', '2024-01-24 16:40:33'),
(321, 6, 'Et ut rerum laudantium.', 'Porro dolorem enim illum quia. Unde deserunt quia eaque maiores fugiat. Dolor aspernatur fuga et quia quis.', 'high', '2024-01-24 16:40:33', '2024-01-24 16:40:33'),
(322, 6, 'Autem nostrum cupiditate assumenda blanditiis a vel.', 'Incidunt et eius et laudantium repellendus temporibus. In impedit corporis ullam consectetur itaque. Quia adipisci debitis id id delectus perspiciatis atque reiciendis.', 'low', '2024-01-24 16:40:33', '2024-01-24 16:40:33'),
(323, 6, 'Fugit totam voluptatem reprehenderit harum sint nostrum occaecati rem.', 'Autem porro reiciendis est excepturi dolores fugit. Itaque laborum non molestias. Qui ut dolores natus. Rem quo id optio doloribus enim quaerat. Earum necessitatibus accusantium et libero earum.', 'medium', '2024-01-24 16:40:33', '2024-01-24 16:40:33'),
(324, 6, 'Nam architecto beatae quidem quia repudiandae.', 'Repellat unde dolore nisi neque corrupti vero. Nisi sit in voluptas exercitationem magnam laudantium rem. Cum quod et fugit et.', 'low', '2024-01-24 16:40:33', '2024-01-24 16:40:33'),
(325, 6, 'Ratione qui laudantium ex corrupti molestias distinctio et molestias.', 'Minima sunt qui nam ad facere. Et non autem maiores voluptatem. Est accusantium et maiores illum rerum. Expedita et quaerat atque architecto tempore.', 'low', '2024-01-24 16:40:33', '2024-01-24 16:40:33'),
(326, 6, 'Sapiente sapiente harum accusamus ut nostrum consequuntur.', 'Minus velit et aliquid harum possimus delectus. Et quas quia numquam dolor sunt. Ad labore iure ipsam qui.', 'low', '2024-01-24 16:40:33', '2024-01-24 16:40:33'),
(327, 6, 'Aut minus sed alias fugiat dolorum inventore.', 'Illum fugiat omnis atque corrupti provident maiores accusantium. Voluptas deleniti earum necessitatibus sequi. Et odio autem sunt quasi. Iure aut exercitationem qui repellat.', 'high', '2024-01-24 16:40:33', '2024-01-24 16:40:33'),
(328, 6, 'Neque ex dolorem pariatur sit sunt veniam modi.', 'Recusandae harum odit nihil. Commodi itaque sit omnis atque eligendi et facilis. Quos tempora illo aperiam perspiciatis ut repellat quo.', 'low', '2024-01-24 16:40:33', '2024-01-24 16:40:33'),
(329, 6, 'Qui ea porro eos ipsam.', 'Consequatur necessitatibus totam modi eum asperiores voluptatum perspiciatis cumque. In labore corrupti temporibus culpa non voluptas deleniti.', 'high', '2024-01-24 16:40:33', '2024-01-24 16:40:33'),
(330, 6, 'Ut consequatur tempora voluptas deserunt minima.', 'Recusandae libero nobis laudantium est. Provident est quas commodi nesciunt.', 'medium', '2024-01-24 16:40:33', '2024-01-24 16:40:33'),
(331, 6, 'Dolor illo excepturi qui.', 'Omnis et temporibus voluptates tempora in. Placeat voluptatem in sapiente est ut. Tenetur sit facilis omnis.', 'medium', '2024-01-24 16:40:33', '2024-01-24 16:40:33'),
(332, 6, 'Est consectetur non deserunt enim voluptatem laudantium deleniti.', 'Rem nemo debitis illum qui pariatur velit omnis. Quo vel ut molestias ad. Non ut nesciunt id aut praesentium qui.', 'low', '2024-01-24 16:40:33', '2024-01-24 16:40:33'),
(333, 6, 'Praesentium reprehenderit ab sed aperiam laboriosam ducimus consequuntur.', 'Similique culpa at ut sit. Iusto cum harum in necessitatibus et. Ut sed architecto harum voluptatum ullam pariatur.', 'medium', '2024-01-24 16:40:33', '2024-01-24 16:40:33'),
(334, 6, 'Voluptatem ad est sapiente et recusandae.', 'Voluptas unde totam officia corporis dolor. Id quisquam quas numquam nulla. Non sed quia adipisci temporibus ut quia aspernatur.', 'high', '2024-01-24 16:40:33', '2024-01-24 16:40:33'),
(335, 6, 'Facere est et libero saepe adipisci accusamus modi saepe.', 'Aspernatur magnam ipsa non est sint iste velit aut. Labore odit voluptas in deleniti. Fugiat accusantium velit molestias et.', 'medium', '2024-01-24 16:40:33', '2024-01-24 16:40:33'),
(336, 6, 'Aut consequatur qui excepturi.', 'Animi consequuntur qui esse tempora occaecati. Excepturi repellat architecto excepturi enim. Reprehenderit odit quibusdam omnis nihil et iure possimus.', 'low', '2024-01-24 16:40:33', '2024-01-24 16:40:33'),
(337, 6, 'Culpa ut omnis voluptatem quam saepe explicabo fuga.', 'Possimus repudiandae et consequuntur minus et aliquam in. Aut commodi alias est hic modi porro. Cumque commodi et eum non ut molestiae cum. Fuga rem quia et eum. Ullam nihil quia ut unde.', 'high', '2024-01-24 16:40:33', '2024-01-24 16:40:33'),
(338, 6, 'Molestiae sit assumenda itaque.', 'Et omnis omnis eos autem. Explicabo reprehenderit ut recusandae. Odio corrupti aut nulla perferendis. Asperiores occaecati sunt qui ut dolorum iste.', 'low', '2024-01-24 16:40:33', '2024-01-24 16:40:33'),
(339, 6, 'Id perferendis non soluta quis quae non vitae.', 'Beatae explicabo libero non. Quia nesciunt nostrum qui distinctio neque. Ea sint voluptas occaecati voluptas minima fuga vitae expedita.', 'low', '2024-01-24 16:40:33', '2024-01-24 16:40:33'),
(340, 6, 'Expedita animi sunt veniam nobis.', 'Est sed at et asperiores et accusantium qui error. Enim quia velit culpa voluptates dolore. Labore sit commodi sapiente. Rerum totam perferendis eos in vitae ut autem rerum.', 'high', '2024-01-24 16:40:33', '2024-01-24 16:40:33'),
(341, 6, 'Non dolorum perferendis dolor et reiciendis.', 'Molestiae corporis rerum esse expedita quia esse et. Nemo vel ut id rerum reiciendis animi non. Ut delectus et temporibus earum unde. Minima in aut omnis minus consequatur et quas.', 'low', '2024-01-24 16:40:33', '2024-01-24 16:40:33'),
(342, 6, 'Quo a laborum repudiandae blanditiis impedit est ea.', 'Minus suscipit id et quia maxime ut. Tenetur quam accusamus illo. Magnam eum quibusdam eum voluptatum accusantium deleniti.', 'medium', '2024-01-24 16:40:33', '2024-01-24 16:40:33'),
(343, 6, 'Qui tempora quia eos quas atque et similique.', 'Ex blanditiis molestias praesentium neque. Quas voluptatem et voluptatem sequi. In consequuntur eos qui laboriosam quia. Id impedit eligendi distinctio perferendis veritatis aut.', 'low', '2024-01-24 16:40:33', '2024-01-24 16:40:33'),
(344, 6, 'Qui praesentium et ut et occaecati et.', 'Inventore ducimus culpa corrupti possimus earum ut officiis incidunt. Et explicabo sit modi aut vel id. Excepturi exercitationem ea quaerat nihil harum ea.', 'high', '2024-01-24 16:40:33', '2024-01-24 16:40:33'),
(345, 6, 'Quaerat sit et tempora distinctio nihil.', 'Tenetur omnis optio perspiciatis asperiores ex. Quibusdam itaque perspiciatis ut ut. Quis voluptatem vero illo et qui. Vero tempore cupiditate dolorem non sed temporibus.', 'medium', '2024-01-24 16:40:33', '2024-01-24 16:40:33'),
(346, 6, 'At suscipit occaecati quisquam qui iusto incidunt est.', 'Molestiae ipsum architecto est modi a occaecati eum. Laudantium similique commodi nesciunt. Ea nulla et provident.', 'low', '2024-01-24 16:40:33', '2024-01-24 16:40:33'),
(347, 6, 'Distinctio maiores ut sit repudiandae.', 'Temporibus vero rerum perferendis repellat officia qui. Quos tempore molestiae sint consequuntur reprehenderit tempore corrupti. Dicta consequatur voluptatem magni ratione rerum.', 'high', '2024-01-24 16:40:33', '2024-01-24 16:40:33'),
(348, 6, 'Iste ullam quia vel dolores quia pariatur.', 'Qui magni explicabo suscipit qui totam. A velit veritatis id aut laborum. Quam fugit esse est architecto.', 'high', '2024-01-24 16:40:33', '2024-01-24 16:40:33'),
(349, 6, 'Aspernatur ipsa commodi officiis dolorem sunt.', 'Laborum occaecati est qui natus. Molestiae mollitia eum officia id ipsam quia. Illum enim voluptatem nobis. Debitis omnis aut alias ad.', 'high', '2024-01-24 16:40:33', '2024-01-24 16:40:33'),
(350, 6, 'Consequatur in accusamus enim sunt.', 'Quasi consectetur in qui voluptatibus assumenda. Corporis ipsam voluptatem qui inventore omnis nihil. Magni rerum sint nulla quia ea.', 'medium', '2024-01-24 16:40:33', '2024-01-24 16:40:33'),
(351, 6, 'Officiis sint ipsum eaque qui.', 'Autem eos provident ipsam odit. Exercitationem et aut libero aut corrupti dolor molestias. Quas sequi iste sunt ipsum temporibus. Vero qui qui ipsa non harum sed molestiae.', 'low', '2024-01-24 16:40:33', '2024-01-24 16:40:33'),
(352, 6, 'Id tempore voluptatum ut labore praesentium cumque.', 'Occaecati voluptates voluptatem corrupti est. Quam molestias ut id incidunt. Nostrum occaecati eligendi corporis deserunt. Sequi optio voluptas quam suscipit sapiente vero incidunt.', 'medium', '2024-01-24 16:40:33', '2024-01-24 16:40:33'),
(353, 6, 'Quia est rerum consequatur aut itaque vel ut sed.', 'Modi earum perspiciatis nemo architecto ducimus. Voluptatibus perspiciatis quo vero magnam et nostrum itaque vel. Deserunt eaque illum adipisci odio dicta. Placeat odio esse molestias quaerat.', 'low', '2024-01-24 16:40:33', '2024-01-24 16:40:33'),
(354, 6, 'Ipsum consequatur ex quod perspiciatis libero cupiditate quidem.', 'Omnis qui et eius minus repellat ipsum. Rerum rem quod blanditiis ab ducimus quia. Praesentium fugit fugiat modi occaecati. Possimus rerum et sunt consectetur.', 'low', '2024-01-24 16:40:33', '2024-01-24 16:40:33'),
(355, 6, 'Dolor rem ducimus cupiditate natus sunt adipisci.', 'Sit repellendus qui rerum tempora quam omnis fugit. Optio qui mollitia voluptatem voluptas. Earum corrupti placeat nostrum dignissimos dignissimos porro.', 'high', '2024-01-24 16:40:33', '2024-01-24 16:40:33'),
(356, 6, 'Aut eos velit cupiditate dolorem minus vel cupiditate.', 'Numquam aut a non non explicabo quae voluptatibus et. Quia quis molestias sequi non deserunt. Itaque repudiandae maxime veniam sit nihil.', 'high', '2024-01-24 16:40:33', '2024-01-24 16:40:33'),
(357, 6, 'Odio ex fugiat mollitia et similique minima.', 'Quaerat aliquid cumque rerum distinctio eos quia qui eveniet. Cumque ut placeat tenetur tenetur dolor. Deleniti autem velit sunt sint. Sint voluptatem cumque est suscipit ipsum.', 'high', '2024-01-24 16:40:33', '2024-01-24 16:40:33'),
(358, 6, 'Inventore non adipisci enim illum.', 'Magni officiis vero debitis aut sit. Eum minima eum at qui. Illo aliquid modi amet ex consequatur. Quam aut ut nostrum ducimus corporis sapiente.', 'medium', '2024-01-24 16:40:33', '2024-01-24 16:40:33'),
(359, 6, 'Iure natus totam dignissimos veniam.', 'Enim fuga harum maiores aut labore vero ut dicta. Ut accusantium quaerat rerum quod excepturi corporis inventore. Quis eius distinctio voluptatem eveniet enim non cum.', 'low', '2024-01-24 16:40:33', '2024-01-24 16:40:33'),
(360, 6, 'Ipsam quod earum commodi corrupti aut repellat.', 'Saepe temporibus dolores distinctio rerum ipsam magnam similique. Est dolor tempore illum perferendis sit voluptas ut illo. Quia veniam doloribus et ducimus. Ea cum et aliquid ea dolor.', 'high', '2024-01-24 16:40:33', '2024-01-24 16:40:33'),
(361, 6, 'New Task Lara', 'Lorem Ipsum', 'low', '2024-01-25 13:25:15', '2024-01-25 13:25:15');

-- --------------------------------------------------------

--
-- Table structure for table `users`
--

CREATE TABLE `users` (
  `id` bigint(20) UNSIGNED NOT NULL,
  `name` varchar(255) NOT NULL,
  `email` varchar(255) NOT NULL,
  `email_verified_at` timestamp NULL DEFAULT NULL,
  `password` varchar(255) NOT NULL,
  `remember_token` varchar(100) DEFAULT NULL,
  `created_at` timestamp NULL DEFAULT NULL,
  `updated_at` timestamp NULL DEFAULT NULL
) ENGINE=InnoDB DEFAULT CHARSET=utf8mb4 COLLATE=utf8mb4_unicode_ci;

--
-- Dumping data for table `users`
--

INSERT INTO `users` (`id`, `name`, `email`, `email_verified_at`, `password`, `remember_token`, `created_at`, `updated_at`) VALUES
(1, 'Dr. Chesley Schulist', 'jayce26@example.net', '2024-01-24 16:39:26', '$2y$12$DM6q8/HTexVOOUbmbD10E.7QvKBTxV7sT0aMZq1z1cIJUegW9PoCi', 'mo2t3udtJC', '2024-01-24 16:39:27', '2024-01-24 16:39:27'),
(2, 'Prof. Gabrielle Gaylord IV', 'schoen.myrtle@example.com', '2024-01-24 16:39:27', '$2y$12$DM6q8/HTexVOOUbmbD10E.7QvKBTxV7sT0aMZq1z1cIJUegW9PoCi', 'pRZZwFSAuM', '2024-01-24 16:39:27', '2024-01-24 16:39:27'),
(3, 'Virginia Windler Jr.', 'hudson86@example.com', '2024-01-24 16:39:27', '$2y$12$DM6q8/HTexVOOUbmbD10E.7QvKBTxV7sT0aMZq1z1cIJUegW9PoCi', 'S9Mlai3bcb', '2024-01-24 16:39:27', '2024-01-24 16:39:27'),
(4, 'Lucinda Bruen', 'nienow.amir@example.com', '2024-01-24 16:39:27', '$2y$12$DM6q8/HTexVOOUbmbD10E.7QvKBTxV7sT0aMZq1z1cIJUegW9PoCi', 'D2ioweRR1y', '2024-01-24 16:39:27', '2024-01-24 16:39:27'),
(5, 'Shane Leffler', 'gislason.sarah@example.com', '2024-01-24 16:39:27', '$2y$12$DM6q8/HTexVOOUbmbD10E.7QvKBTxV7sT0aMZq1z1cIJUegW9PoCi', 'j4xeeRw7Jk', '2024-01-24 16:39:27', '2024-01-24 16:39:27'),
(6, 'Lorem Ipsum', 'test@gmail.com', NULL, '$2y$12$gCAdPecjQbFKuKrKVlbxHODBBKghCQ8Ek1JAk0zaBCn5hh/LPS0Oe', NULL, '2024-01-24 16:39:33', '2024-01-24 16:39:33');

--
-- Indexes for dumped tables
--

--
-- Indexes for table `failed_jobs`
--
ALTER TABLE `failed_jobs`
  ADD PRIMARY KEY (`id`),
  ADD UNIQUE KEY `failed_jobs_uuid_unique` (`uuid`);

--
-- Indexes for table `migrations`
--
ALTER TABLE `migrations`
  ADD PRIMARY KEY (`id`);

--
-- Indexes for table `password_reset_tokens`
--
ALTER TABLE `password_reset_tokens`
  ADD PRIMARY KEY (`email`);

--
-- Indexes for table `personal_access_tokens`
--
ALTER TABLE `personal_access_tokens`
  ADD PRIMARY KEY (`id`),
  ADD UNIQUE KEY `personal_access_tokens_token_unique` (`token`),
  ADD KEY `personal_access_tokens_tokenable_type_tokenable_id_index` (`tokenable_type`,`tokenable_id`);

--
-- Indexes for table `tasks`
--
ALTER TABLE `tasks`
  ADD PRIMARY KEY (`id`);

--
-- Indexes for table `users`
--
ALTER TABLE `users`
  ADD PRIMARY KEY (`id`),
  ADD UNIQUE KEY `users_email_unique` (`email`);

--
-- AUTO_INCREMENT for dumped tables
--

--
-- AUTO_INCREMENT for table `failed_jobs`
--
ALTER TABLE `failed_jobs`
  MODIFY `id` bigint(20) UNSIGNED NOT NULL AUTO_INCREMENT;

--
-- AUTO_INCREMENT for table `migrations`
--
ALTER TABLE `migrations`
  MODIFY `id` int(10) UNSIGNED NOT NULL AUTO_INCREMENT, AUTO_INCREMENT=6;

--
-- AUTO_INCREMENT for table `personal_access_tokens`
--
ALTER TABLE `personal_access_tokens`
  MODIFY `id` bigint(20) UNSIGNED NOT NULL AUTO_INCREMENT, AUTO_INCREMENT=2;

--
-- AUTO_INCREMENT for table `tasks`
--
ALTER TABLE `tasks`
  MODIFY `id` bigint(20) UNSIGNED NOT NULL AUTO_INCREMENT, AUTO_INCREMENT=363;

--
-- AUTO_INCREMENT for table `users`
--
ALTER TABLE `users`
  MODIFY `id` bigint(20) UNSIGNED NOT NULL AUTO_INCREMENT, AUTO_INCREMENT=7;
COMMIT;

/*!40101 SET CHARACTER_SET_CLIENT=@OLD_CHARACTER_SET_CLIENT */;
/*!40101 SET CHARACTER_SET_RESULTS=@OLD_CHARACTER_SET_RESULTS */;
/*!40101 SET COLLATION_CONNECTION=@OLD_COLLATION_CONNECTION */;
